Stimuli_ID	Vocalist_ID	Technique	Artist	Song	Lyrics	Duration	Rhythm	Melody	Tempo	Time_signature	Original_Corresponding_Excerpt	WAV_Path	Credits	Session_date_YMD	logMel_Path	Spectral_Centroid	annotations	Age_at_recording	band_spotify_url
STIM-001	A	Clean	Trivium	The Deceived - Flavus	"""Tell that the promised have been failed"""				105	4/4	EXCE-093	audio/STIM-001.wav	Patrick Smith	20250502					
STIM-002	A	Clean_FLAT	Trivium	The Deceived - Flavus	"""Tell that the promised have been failed"""				105	4/4	EXCE-093	audio/STIM-002.wav	Patrick Smith	20250502					
STIM-003	A	Clean	Avenged Sevenfold	Higher	"""Meet you in the stars tonight"""				135	4/4	EXCE-056	audio/STIM-003.wav	Patrick Smith	20250502					
STIM-004	A	Clean_FLAT	Avenged Sevenfold	Higher	"""Meet you in the stars tonight"""				135	4/4	EXCE-056	audio/STIM-004.wav	Patrick Smith	20250502					
STIM-005	A	Clean	Killswitch Engage	Still Beats Your Name	"""Will I live another day?"""				110	4/4	EXCE-108	audio/STIM-005.wav	Patrick Smith	20250502					
STIM-006	A	Clean_FLAT	Killswitch Engage	Still Beats Your Name	"""Will I live another day?"""				110	4/4	EXCE-108	audio/STIM-006.wav	Patrick Smith	20250502					
STIM-007	A	Clean	Metallica	Crown of Barbed Wire	"""This rusted empire I own"""				110	4/4	EXCE-124	audio/STIM-007.wav	Patrick Smith	20250502					
STIM-008	A	Clean_FLAT	Metallica	Crown of Barbed Wire	"""This rusted empire I own"""				110	4/4	EXCE-124	audio/STIM-008.wav	Patrick Smith	20250502					
STIM-009	A	Screaming_NV	Architects	A Portrait for the Deceased	"""Then come and drown with me"""				161	4/4	EXCE-064	audio/STIM-009.wav	Patrick Smith	20250502					
STIM-010	A	Screaming_V	Architects	A Portrait for the Deceased	"""Then come and drown with me"""				161	4/4	EXCE-064	audio/STIM-010.wav	Patrick Smith	20250502					
STIM-011	A	Screaming_NV	August Burns Red	The Reflective Property	"""A brief wind is swept through"""				180	4/4	EXCE-155	audio/STIM-011.wav	Patrick Smith	20250502					
STIM-012	A	Screaming_V	August Burns Red	The Reflective Property	"""A brief wind is swept through"""				180	4/4	EXCE-155	audio/STIM-012.wav	Patrick Smith	20250502					
STIM-013	A	Screaming_NV	Northlane	Metamorphosis	"""And I will overcome this suffering"""				140	4/4	EXCE-179	audio/STIM-013.wav	Patrick Smith	20250502					
STIM-014	A	Screaming_V	Northlane	Metamorphosis	"""And I will overcome this suffering"""				140	4/4	EXCE-179	audio/STIM-014.wav	Patrick Smith	20250502					
STIM-015	A	Screaming_NV	Chelsea Grin	Behind A Veil Of Lies	"""I can't seek help from angels"""				115	4/4	EXCE-087	audio/STIM-015.wav	Patrick Smith	20250502					
STIM-016	A	Screaming_V	Chelsea Grin	Behind A Veil Of Lies	"""I can't seek help from angels"""				115	4/4	EXCE-087	audio/STIM-016.wav	Patrick Smith	20250502					
STIM-017	A	Growling_NV	Whitechapel	The Night Remains	"""Rid yourself and never return"""				155	4/4	EXCE-141	audio/STIM-017.wav	Patrick Smith	20250502					
STIM-018	A	Growling_V	Whitechapel	The Night Remains	"""Rid yourself and never return"""				155	4/4	EXCE-141	audio/STIM-018.wav	Patrick Smith	20250502					
STIM-019	A	Growling_NV	Morbid Angel	God Of Our Own Divinity	"""Break apart this rusty chains"""				140	3/4	EXCE-042	audio/STIM-019.wav	Patrick Smith	20250502					
STIM-020	A	Growling_V	Morbid Angel	God Of Our Own Divinity	"""Break apart this rusty chains"""				140	3/4	EXCE-042	audio/STIM-020.wav	Patrick Smith	20250502					
STIM-021	A	Growling_NV	Whitechapel	Dwell in the Shadows	"""This blade cuts deeper than flesh"""				95	4/4	EXCE-208	audio/STIM-021.wav	Patrick Smith	20250502					
STIM-022	A	Growling_V	Whitechapel	Dwell in the Shadows	"""This blade cuts deeper than flesh"""				95	4/4	EXCE-208	audio/STIM-022.wav	Patrick Smith	20250502					
STIM-023	A	Growling_NV	The Black Dahlia Murder	Stygiophobic	"""Can't they see there are consequences?"""				110	4/4	EXCE-184	audio/STIM-023.wav	Patrick Smith	20250502					
STIM-024	A	Growling_V	The Black Dahlia Murder	Stygiophobic	"""Can't they see there are consequences?"""				110	4/4	EXCE-184	audio/STIM-024.wav	Patrick Smith	20250502					
STIM-025	B	Clean	Trivium	The Deceived - Flavus	"""Tell that the promised have been failed"""				105	4/4	EXCE-093	audio/STIM-025.wav	Daniel Hoke Hossey III	20250506					https://open.spotify.com/artist/1X5JBMNf6cgE6snRQX3fkK?si=4Anj9P0PR2eh8wobhwM4wQ
STIM-026	B	Clean_FLAT	Trivium	The Deceived - Flavus	"""Tell that the promised have been failed"""				105	4/4	EXCE-093	audio/STIM-026.wav	Daniel Hoke Hossey III	20250506					https://open.spotify.com/artist/1X5JBMNf6cgE6snRQX3fkK?si=4Anj9P0PR2eh8wobhwM4wQ
STIM-027	B	Clean	Avenged Sevenfold	Higher	"""Meet you in the stars tonight"""				135	4/4	EXCE-056	audio/STIM-027.wav	Daniel Hoke Hossey III	20250506					https://open.spotify.com/artist/1X5JBMNf6cgE6snRQX3fkK?si=4Anj9P0PR2eh8wobhwM4wQ
STIM-028	B	Clean_FLAT	Avenged Sevenfold	Higher	"""Meet you in the stars tonight"""				135	4/4	EXCE-056	audio/STIM-028.wav	Daniel Hoke Hossey III	20250506					https://open.spotify.com/artist/1X5JBMNf6cgE6snRQX3fkK?si=4Anj9P0PR2eh8wobhwM4wQ
STIM-029	B	Clean	Killswitch Engage	Still Beats Your Name	"""Will I live another day?"""				110	4/4	EXCE-108	audio/STIM-029.wav	Daniel Hoke Hossey III	20250506					https://open.spotify.com/artist/1X5JBMNf6cgE6snRQX3fkK?si=4Anj9P0PR2eh8wobhwM4wQ
STIM-030	B	Clean_FLAT	Killswitch Engage	Still Beats Your Name	"""Will I live another day?"""				110	4/4	EXCE-108	audio/STIM-030.wav	Daniel Hoke Hossey III	20250506					https://open.spotify.com/artist/1X5JBMNf6cgE6snRQX3fkK?si=4Anj9P0PR2eh8wobhwM4wQ
STIM-031	B	Clean	Metallica	Crown of Barbed Wire	"""This rusted empire I own"""				110	4/4	EXCE-124	audio/STIM-031.wav	Daniel Hoke Hossey III	20250506					https://open.spotify.com/artist/1X5JBMNf6cgE6snRQX3fkK?si=4Anj9P0PR2eh8wobhwM4wQ
STIM-032	B	Clean_FLAT	Metallica	Crown of Barbed Wire	"""This rusted empire I own"""				110	4/4	EXCE-124	audio/STIM-032.wav	Daniel Hoke Hossey III	20250506					https://open.spotify.com/artist/1X5JBMNf6cgE6snRQX3fkK?si=4Anj9P0PR2eh8wobhwM4wQ
STIM-033	B	Screaming_NV	Architects	A Portrait for the Deceased	"""Then come and drown with me"""				161	4/4	EXCE-064	audio/STIM-033.wav	Daniel Hoke Hossey III	20250506					https://open.spotify.com/artist/1X5JBMNf6cgE6snRQX3fkK?si=4Anj9P0PR2eh8wobhwM4wQ
STIM-034	B	Screaming_V	Architects	A Portrait for the Deceased	"""Then come and drown with me"""				161	4/4	EXCE-064	audio/STIM-034.wav	Daniel Hoke Hossey III	20250506					https://open.spotify.com/artist/1X5JBMNf6cgE6snRQX3fkK?si=4Anj9P0PR2eh8wobhwM4wQ
STIM-035	B	Screaming_NV	August Burns Red	The Reflective Property	"""A brief wind is swept through"""				180	4/4	EXCE-155	audio/STIM-035.wav	Daniel Hoke Hossey III	20250506					https://open.spotify.com/artist/1X5JBMNf6cgE6snRQX3fkK?si=4Anj9P0PR2eh8wobhwM4wQ
STIM-036	B	Screaming_V	August Burns Red	The Reflective Property	"""A brief wind is swept through"""				180	4/4	EXCE-155	audio/STIM-036.wav	Daniel Hoke Hossey III	20250506					https://open.spotify.com/artist/1X5JBMNf6cgE6snRQX3fkK?si=4Anj9P0PR2eh8wobhwM4wQ
STIM-037	B	Screaming_NV	Northlane	Metamorphosis	"""And I will overcome this suffering"""				140	4/4	EXCE-179	audio/STIM-037.wav	Daniel Hoke Hossey III	20250506					https://open.spotify.com/artist/1X5JBMNf6cgE6snRQX3fkK?si=4Anj9P0PR2eh8wobhwM4wQ
STIM-038	B	Screaming_V	Northlane	Metamorphosis	"""And I will overcome this suffering"""				140	4/4	EXCE-179	audio/STIM-038.wav	Daniel Hoke Hossey III	20250506					https://open.spotify.com/artist/1X5JBMNf6cgE6snRQX3fkK?si=4Anj9P0PR2eh8wobhwM4wQ
STIM-039	B	Screaming_NV	Chelsea Grin	Behind A Veil Of Lies	"""I can't seek help from angels"""				115	4/4	EXCE-087	audio/STIM-039.wav	Daniel Hoke Hossey III	20250506					https://open.spotify.com/artist/1X5JBMNf6cgE6snRQX3fkK?si=4Anj9P0PR2eh8wobhwM4wQ
STIM-040	B	Screaming_V	Chelsea Grin	Behind A Veil Of Lies	"""I can't seek help from angels"""				115	4/4	EXCE-087	audio/STIM-040.wav	Daniel Hoke Hossey III	20250506					https://open.spotify.com/artist/1X5JBMNf6cgE6snRQX3fkK?si=4Anj9P0PR2eh8wobhwM4wQ
STIM-041	B	Growling_NV	Whitechapel	The Night Remains	"""Rid yourself and never return"""				155	4/4	EXCE-141	audio/STIM-041.wav	Daniel Hoke Hossey III	20250506					https://open.spotify.com/artist/1X5JBMNf6cgE6snRQX3fkK?si=4Anj9P0PR2eh8wobhwM4wQ
STIM-042	B	Growling_V	Whitechapel	The Night Remains	"""Rid yourself and never return"""				155	4/4	EXCE-141	audio/STIM-042.wav	Daniel Hoke Hossey III	20250506					https://open.spotify.com/artist/1X5JBMNf6cgE6snRQX3fkK?si=4Anj9P0PR2eh8wobhwM4wQ
STIM-043	B	Growling_NV	Morbid Angel	God Of Our Own Divinity	"""Break apart this rusty chains"""				140	3/4	EXCE-042	audio/STIM-043.wav	Daniel Hoke Hossey III	20250506					https://open.spotify.com/artist/1X5JBMNf6cgE6snRQX3fkK?si=4Anj9P0PR2eh8wobhwM4wQ
STIM-044	B	Growling_V	Morbid Angel	God Of Our Own Divinity	"""Break apart this rusty chains"""				140	3/4	EXCE-042	audio/STIM-044.wav	Daniel Hoke Hossey III	20250506					https://open.spotify.com/artist/1X5JBMNf6cgE6snRQX3fkK?si=4Anj9P0PR2eh8wobhwM4wQ
STIM-045	B	Growling_NV	Whitechapel	Dwell in the Shadows	"""This blade cuts deeper than flesh"""				95	4/4	EXCE-208	audio/STIM-045.wav	Daniel Hoke Hossey III	20250506					https://open.spotify.com/artist/1X5JBMNf6cgE6snRQX3fkK?si=4Anj9P0PR2eh8wobhwM4wQ
STIM-046	B	Growling_V	Whitechapel	Dwell in the Shadows	"""This blade cuts deeper than flesh"""				95	4/4	EXCE-208	audio/STIM-046.wav	Daniel Hoke Hossey III	20250506					https://open.spotify.com/artist/1X5JBMNf6cgE6snRQX3fkK?si=4Anj9P0PR2eh8wobhwM4wQ
STIM-047	B	Growling_NV	The Black Dahlia Murder	Stygiophobic	"""Can't they see there are consequences?"""				110	4/4	EXCE-184	audio/STIM-047.wav	Daniel Hoke Hossey III	20250506					https://open.spotify.com/artist/1X5JBMNf6cgE6snRQX3fkK?si=4Anj9P0PR2eh8wobhwM4wQ
STIM-048	B	Growling_V	The Black Dahlia Murder	Stygiophobic	"""Can't they see there are consequences?"""				110	4/4	EXCE-184	audio/STIM-048.wav	Daniel Hoke Hossey III	20250506					https://open.spotify.com/artist/1X5JBMNf6cgE6snRQX3fkK?si=4Anj9P0PR2eh8wobhwM4wQ
STIM-049	C	Clean	Trivium	The Deceived - Flavus	"""Tell that the promised have been failed"""				105	4/4	EXCE-093	audio/STIM-049.wav	Nathan Bagwell Jr.	20250507					https://open.spotify.com/artist/0mAFtuhEzuJs2ouYJ0Lqo7?si=atMso54jTtyvtr7rBUDF8Q
STIM-050	C	Clean_FLAT	Trivium	The Deceived - Flavus	"""Tell that the promised have been failed"""				105	4/4	EXCE-093	audio/STIM-050.wav	Nathan Bagwell Jr.	20250507					https://open.spotify.com/artist/0mAFtuhEzuJs2ouYJ0Lqo7?si=atMso54jTtyvtr7rBUDF8Q
STIM-051	C	Clean	Avenged Sevenfold	Higher	"""Meet you in the stars tonight"""				135	4/4	EXCE-056	audio/STIM-051.wav	Nathan Bagwell Jr.	20250507					https://open.spotify.com/artist/0mAFtuhEzuJs2ouYJ0Lqo7?si=atMso54jTtyvtr7rBUDF8Q
STIM-052	C	Clean_FLAT	Avenged Sevenfold	Higher	"""Meet you in the stars tonight"""				135	4/4	EXCE-056	audio/STIM-052.wav	Nathan Bagwell Jr.	20250507					https://open.spotify.com/artist/0mAFtuhEzuJs2ouYJ0Lqo7?si=atMso54jTtyvtr7rBUDF8Q
STIM-053	C	Clean	Killswitch Engage	Still Beats Your Name	"""Will I live another day?"""				110	4/4	EXCE-108	audio/STIM-053.wav	Nathan Bagwell Jr.	20250507					https://open.spotify.com/artist/0mAFtuhEzuJs2ouYJ0Lqo7?si=atMso54jTtyvtr7rBUDF8Q
STIM-054	C	Clean_FLAT	Killswitch Engage	Still Beats Your Name	"""Will I live another day?"""				110	4/4	EXCE-108	audio/STIM-054.wav	Nathan Bagwell Jr.	20250507					https://open.spotify.com/artist/0mAFtuhEzuJs2ouYJ0Lqo7?si=atMso54jTtyvtr7rBUDF8Q
STIM-055	C	Clean	Metallica	Crown of Barbed Wire	"""This rusted empire I own"""				110	4/4	EXCE-124	audio/STIM-055.wav	Nathan Bagwell Jr.	20250507					https://open.spotify.com/artist/0mAFtuhEzuJs2ouYJ0Lqo7?si=atMso54jTtyvtr7rBUDF8Q
STIM-056	C	Clean_FLAT	Metallica	Crown of Barbed Wire	"""This rusted empire I own"""				110	4/4	EXCE-124	audio/STIM-056.wav	Nathan Bagwell Jr.	20250507					https://open.spotify.com/artist/0mAFtuhEzuJs2ouYJ0Lqo7?si=atMso54jTtyvtr7rBUDF8Q
STIM-057	C	Screaming_NV	Architects	A Portrait for the Deceased	"""Then come and drown with me"""				161	4/4	EXCE-064	audio/STIM-057.wav	Nathan Bagwell Jr.	20250507					https://open.spotify.com/artist/0mAFtuhEzuJs2ouYJ0Lqo7?si=atMso54jTtyvtr7rBUDF8Q
STIM-058	C	Screaming_V	Architects	A Portrait for the Deceased	"""Then come and drown with me"""				161	4/4	EXCE-064	audio/STIM-058.wav	Nathan Bagwell Jr.	20250507					https://open.spotify.com/artist/0mAFtuhEzuJs2ouYJ0Lqo7?si=atMso54jTtyvtr7rBUDF8Q
STIM-059	C	Screaming_NV	August Burns Red	The Reflective Property	"""A brief wind is swept through"""				180	4/4	EXCE-155	audio/STIM-059.wav	Nathan Bagwell Jr.	20250507					https://open.spotify.com/artist/0mAFtuhEzuJs2ouYJ0Lqo7?si=atMso54jTtyvtr7rBUDF8Q
STIM-060	C	Screaming_V	August Burns Red	The Reflective Property	"""A brief wind is swept through"""				180	4/4	EXCE-155	audio/STIM-060.wav	Nathan Bagwell Jr.	20250507					https://open.spotify.com/artist/0mAFtuhEzuJs2ouYJ0Lqo7?si=atMso54jTtyvtr7rBUDF8Q
STIM-061	C	Screaming_NV	Northlane	Metamorphosis	"""And I will overcome this suffering"""				140	4/4	EXCE-179	audio/STIM-061.wav	Nathan Bagwell Jr.	20250507					https://open.spotify.com/artist/0mAFtuhEzuJs2ouYJ0Lqo7?si=atMso54jTtyvtr7rBUDF8Q
STIM-062	C	Screaming_V	Northlane	Metamorphosis	"""And I will overcome this suffering"""				140	4/4	EXCE-179	audio/STIM-062.wav	Nathan Bagwell Jr.	20250507					https://open.spotify.com/artist/0mAFtuhEzuJs2ouYJ0Lqo7?si=atMso54jTtyvtr7rBUDF8Q
STIM-063	C	Screaming_NV	Chelsea Grin	Behind A Veil Of Lies	"""I can't seek help from angels"""				115	4/4	EXCE-087	audio/STIM-063.wav	Nathan Bagwell Jr.	20250507					https://open.spotify.com/artist/0mAFtuhEzuJs2ouYJ0Lqo7?si=atMso54jTtyvtr7rBUDF8Q
STIM-064	C	Screaming_V	Chelsea Grin	Behind A Veil Of Lies	"""I can't seek help from angels"""				115	4/4	EXCE-087	audio/STIM-064.wav	Nathan Bagwell Jr.	20250507					https://open.spotify.com/artist/0mAFtuhEzuJs2ouYJ0Lqo7?si=atMso54jTtyvtr7rBUDF8Q
STIM-065	C	Growling_NV	Whitechapel	The Night Remains	"""Rid yourself and never return"""				155	4/4	EXCE-141	audio/STIM-065.wav	Nathan Bagwell Jr.	20250507					https://open.spotify.com/artist/0mAFtuhEzuJs2ouYJ0Lqo7?si=atMso54jTtyvtr7rBUDF8Q
STIM-066	C	Growling_V	Whitechapel	The Night Remains	"""Rid yourself and never return"""				155	4/4	EXCE-141	audio/STIM-066.wav	Nathan Bagwell Jr.	20250507					https://open.spotify.com/artist/0mAFtuhEzuJs2ouYJ0Lqo7?si=atMso54jTtyvtr7rBUDF8Q
STIM-067	C	Growling_NV	Morbid Angel	God Of Our Own Divinity	"""Break apart this rusty chains"""				140	3/4	EXCE-042	audio/STIM-067.wav	Nathan Bagwell Jr.	20250507					https://open.spotify.com/artist/0mAFtuhEzuJs2ouYJ0Lqo7?si=atMso54jTtyvtr7rBUDF8Q
STIM-068	C	Growling_V	Morbid Angel	God Of Our Own Divinity	"""Break apart this rusty chains"""				140	3/4	EXCE-042	audio/STIM-068.wav	Nathan Bagwell Jr.	20250507					https://open.spotify.com/artist/0mAFtuhEzuJs2ouYJ0Lqo7?si=atMso54jTtyvtr7rBUDF8Q
STIM-069	C	Growling_NV	Whitechapel	Dwell in the Shadows	"""This blade cuts deeper than flesh"""				95	4/4	EXCE-208	audio/STIM-069.wav	Nathan Bagwell Jr.	20250507					https://open.spotify.com/artist/0mAFtuhEzuJs2ouYJ0Lqo7?si=atMso54jTtyvtr7rBUDF8Q
STIM-070	C	Growling_V	Whitechapel	Dwell in the Shadows	"""This blade cuts deeper than flesh"""				95	4/4	EXCE-208	audio/STIM-070.wav	Nathan Bagwell Jr.	20250507					https://open.spotify.com/artist/0mAFtuhEzuJs2ouYJ0Lqo7?si=atMso54jTtyvtr7rBUDF8Q
STIM-071	C	Growling_NV	The Black Dahlia Murder	Stygiophobic	"""Can't they see there are consequences?"""				110	4/4	EXCE-184	audio/STIM-071.wav	Nathan Bagwell Jr.	20250507					https://open.spotify.com/artist/0mAFtuhEzuJs2ouYJ0Lqo7?si=atMso54jTtyvtr7rBUDF8Q
STIM-072	C	Growling_V	The Black Dahlia Murder	Stygiophobic	"""Can't they see there are consequences?"""				110	4/4	EXCE-184	audio/STIM-072.wav	Nathan Bagwell Jr.	20250507					https://open.spotify.com/artist/0mAFtuhEzuJs2ouYJ0Lqo7?si=atMso54jTtyvtr7rBUDF8Q
STIM-073	D	Clean	Trivium	The Deceived - Flavus	"""Tell that the promised have been failed"""				105	4/4	EXCE-093	audio/STIM-073.wav	Edwin Castillo	20250508					https://open.spotify.com/artist/5nwrqitQ1S4SIqzj5pXfm4?si=4SRbs46gRFuMGYpXwAS_sw
STIM-074	D	Clean_FLAT	Trivium	The Deceived - Flavus	"""Tell that the promised have been failed"""				105	4/4	EXCE-093	audio/STIM-074.wav	Edwin Castillo	20250508					https://open.spotify.com/artist/5nwrqitQ1S4SIqzj5pXfm4?si=4SRbs46gRFuMGYpXwAS_sw
STIM-075	D	Clean	Avenged Sevenfold	Higher	"""Meet you in the stars tonight"""				135	4/4	EXCE-056	audio/STIM-075.wav	Edwin Castillo	20250508					https://open.spotify.com/artist/5nwrqitQ1S4SIqzj5pXfm4?si=4SRbs46gRFuMGYpXwAS_sw
STIM-076	D	Clean_FLAT	Avenged Sevenfold	Higher	"""Meet you in the stars tonight"""				135	4/4	EXCE-056	audio/STIM-076.wav	Edwin Castillo	20250508					https://open.spotify.com/artist/5nwrqitQ1S4SIqzj5pXfm4?si=4SRbs46gRFuMGYpXwAS_sw
STIM-077	D	Clean	Killswitch Engage	Still Beats Your Name	"""Will I live another day?"""				110	4/4	EXCE-108	audio/STIM-077.wav	Edwin Castillo	20250508					https://open.spotify.com/artist/5nwrqitQ1S4SIqzj5pXfm4?si=4SRbs46gRFuMGYpXwAS_sw
STIM-078	D	Clean_FLAT	Killswitch Engage	Still Beats Your Name	"""Will I live another day?"""				110	4/4	EXCE-108	audio/STIM-078.wav	Edwin Castillo	20250508					https://open.spotify.com/artist/5nwrqitQ1S4SIqzj5pXfm4?si=4SRbs46gRFuMGYpXwAS_sw
STIM-079	D	Clean	Metallica	Crown of Barbed Wire	"""This rusted empire I own"""				110	4/4	EXCE-124	audio/STIM-079.wav	Edwin Castillo	20250508					https://open.spotify.com/artist/5nwrqitQ1S4SIqzj5pXfm4?si=4SRbs46gRFuMGYpXwAS_sw
STIM-080	D	Clean_FLAT	Metallica	Crown of Barbed Wire	"""This rusted empire I own"""				110	4/4	EXCE-124	audio/STIM-080.wav	Edwin Castillo	20250508					https://open.spotify.com/artist/5nwrqitQ1S4SIqzj5pXfm4?si=4SRbs46gRFuMGYpXwAS_sw
STIM-081	D	Screaming_NV	Architects	A Portrait for the Deceased	"""Then come and drown with me"""				161	4/4	EXCE-064	audio/STIM-081.wav	Edwin Castillo	20250508					https://open.spotify.com/artist/5nwrqitQ1S4SIqzj5pXfm4?si=4SRbs46gRFuMGYpXwAS_sw
STIM-082	D	Screaming_V	Architects	A Portrait for the Deceased	"""Then come and drown with me"""				161	4/4	EXCE-064	audio/STIM-082.wav	Edwin Castillo	20250508					https://open.spotify.com/artist/5nwrqitQ1S4SIqzj5pXfm4?si=4SRbs46gRFuMGYpXwAS_sw
STIM-083	D	Screaming_NV	August Burns Red	The Reflective Property	"""A brief wind is swept through"""				180	4/4	EXCE-155	audio/STIM-083.wav	Edwin Castillo	20250508					https://open.spotify.com/artist/5nwrqitQ1S4SIqzj5pXfm4?si=4SRbs46gRFuMGYpXwAS_sw
STIM-084	D	Screaming_V	August Burns Red	The Reflective Property	"""A brief wind is swept through"""				180	4/4	EXCE-155	audio/STIM-084.wav	Edwin Castillo	20250508					https://open.spotify.com/artist/5nwrqitQ1S4SIqzj5pXfm4?si=4SRbs46gRFuMGYpXwAS_sw
STIM-085	D	Screaming_NV	Northlane	Metamorphosis	"""And I will overcome this suffering"""				140	4/4	EXCE-179	audio/STIM-085.wav	Edwin Castillo	20250508					https://open.spotify.com/artist/5nwrqitQ1S4SIqzj5pXfm4?si=4SRbs46gRFuMGYpXwAS_sw
STIM-086	D	Screaming_V	Northlane	Metamorphosis	"""And I will overcome this suffering"""				140	4/4	EXCE-179	audio/STIM-086.wav	Edwin Castillo	20250508					https://open.spotify.com/artist/5nwrqitQ1S4SIqzj5pXfm4?si=4SRbs46gRFuMGYpXwAS_sw
STIM-087	D	Screaming_NV	Chelsea Grin	Behind A Veil Of Lies	"""I can't seek help from angels"""				115	4/4	EXCE-087	audio/STIM-087.wav	Edwin Castillo	20250508					https://open.spotify.com/artist/5nwrqitQ1S4SIqzj5pXfm4?si=4SRbs46gRFuMGYpXwAS_sw
STIM-088	D	Screaming_V	Chelsea Grin	Behind A Veil Of Lies	"""I can't seek help from angels"""				115	4/4	EXCE-087	audio/STIM-088.wav	Edwin Castillo	20250508					https://open.spotify.com/artist/5nwrqitQ1S4SIqzj5pXfm4?si=4SRbs46gRFuMGYpXwAS_sw
STIM-089	D	Growling_NV	Whitechapel	The Night Remains	"""Rid yourself and never return"""				155	4/4	EXCE-141	audio/STIM-089.wav	Edwin Castillo	20250508					https://open.spotify.com/artist/5nwrqitQ1S4SIqzj5pXfm4?si=4SRbs46gRFuMGYpXwAS_sw
STIM-090	D	Growling_V	Whitechapel	The Night Remains	"""Rid yourself and never return"""				155	4/4	EXCE-141	audio/STIM-090.wav	Edwin Castillo	20250508					https://open.spotify.com/artist/5nwrqitQ1S4SIqzj5pXfm4?si=4SRbs46gRFuMGYpXwAS_sw
STIM-091	D	Growling_NV	Morbid Angel	God Of Our Own Divinity	"""Break apart this rusty chains"""				140	3/4	EXCE-042	audio/STIM-091.wav	Edwin Castillo	20250508					https://open.spotify.com/artist/5nwrqitQ1S4SIqzj5pXfm4?si=4SRbs46gRFuMGYpXwAS_sw
STIM-092	D	Growling_V	Morbid Angel	God Of Our Own Divinity	"""Break apart this rusty chains"""				140	3/4	EXCE-042	audio/STIM-092.wav	Edwin Castillo	20250508					https://open.spotify.com/artist/5nwrqitQ1S4SIqzj5pXfm4?si=4SRbs46gRFuMGYpXwAS_sw
STIM-093	D	Growling_NV	Whitechapel	Dwell in the Shadows	"""This blade cuts deeper than flesh"""				95	4/4	EXCE-208	audio/STIM-093.wav	Edwin Castillo	20250508					https://open.spotify.com/artist/5nwrqitQ1S4SIqzj5pXfm4?si=4SRbs46gRFuMGYpXwAS_sw
STIM-094	D	Growling_V	Whitechapel	Dwell in the Shadows	"""This blade cuts deeper than flesh"""				95	4/4	EXCE-208	audio/STIM-094.wav	Edwin Castillo	20250508					https://open.spotify.com/artist/5nwrqitQ1S4SIqzj5pXfm4?si=4SRbs46gRFuMGYpXwAS_sw
STIM-095	D	Growling_NV	The Black Dahlia Murder	Stygiophobic	"""Can't they see there are consequences?"""				110	4/4	EXCE-184	audio/STIM-095.wav	Edwin Castillo	20250508					https://open.spotify.com/artist/5nwrqitQ1S4SIqzj5pXfm4?si=4SRbs46gRFuMGYpXwAS_sw
STIM-096	D	Growling_V	The Black Dahlia Murder	Stygiophobic	"""Can't they see there are consequences?"""				110	4/4	EXCE-184	audio/STIM-096.wav	Edwin Castillo	20250508					https://open.spotify.com/artist/5nwrqitQ1S4SIqzj5pXfm4?si=4SRbs46gRFuMGYpXwAS_sw
STIM-097	E	Clean	Trivium	The Deceived - Flavus	"""Tell that the promised have been failed"""				105	4/4	EXCE-093	audio/STIM-097.wav	Moni Patel	20250510					https://open.spotify.com/artist/4xlkYCPL2K11M8HIaIO6QA?si=SEI1bhO2TiGnYMiDWuyzLw
STIM-098	E	Clean_FLAT	Trivium	The Deceived - Flavus	"""Tell that the promised have been failed"""				105	4/4	EXCE-093	audio/STIM-098.wav	Moni Patel	20250510					https://open.spotify.com/artist/4xlkYCPL2K11M8HIaIO6QA?si=SEI1bhO2TiGnYMiDWuyzLw
STIM-099	E	Clean	Avenged Sevenfold	Higher	"""Meet you in the stars tonight"""				135	4/4	EXCE-056	audio/STIM-099.wav	Moni Patel	20250510					https://open.spotify.com/artist/4xlkYCPL2K11M8HIaIO6QA?si=SEI1bhO2TiGnYMiDWuyzLw
STIM-100	E	Clean_FLAT	Avenged Sevenfold	Higher	"""Meet you in the stars tonight"""				135	4/4	EXCE-056	audio/STIM-100.wav	Moni Patel	20250510					https://open.spotify.com/artist/4xlkYCPL2K11M8HIaIO6QA?si=SEI1bhO2TiGnYMiDWuyzLw
STIM-101	E	Clean	Killswitch Engage	Still Beats Your Name	"""Will I live another day?"""				110	4/4	EXCE-108	audio/STIM-101.wav	Moni Patel	20250510					https://open.spotify.com/artist/4xlkYCPL2K11M8HIaIO6QA?si=SEI1bhO2TiGnYMiDWuyzLw
STIM-102	E	Clean_FLAT	Killswitch Engage	Still Beats Your Name	"""Will I live another day?"""				110	4/4	EXCE-108	audio/STIM-102.wav	Moni Patel	20250510					https://open.spotify.com/artist/4xlkYCPL2K11M8HIaIO6QA?si=SEI1bhO2TiGnYMiDWuyzLw
STIM-103	E	Clean	Metallica	Crown of Barbed Wire	"""This rusted empire I own"""				110	4/4	EXCE-124	audio/STIM-103.wav	Moni Patel	20250510					https://open.spotify.com/artist/4xlkYCPL2K11M8HIaIO6QA?si=SEI1bhO2TiGnYMiDWuyzLw
STIM-104	E	Clean_FLAT	Metallica	Crown of Barbed Wire	"""This rusted empire I own"""				110	4/4	EXCE-124	audio/STIM-104.wav	Moni Patel	20250510					https://open.spotify.com/artist/4xlkYCPL2K11M8HIaIO6QA?si=SEI1bhO2TiGnYMiDWuyzLw
STIM-105	E	Screaming_NV	Architects	A Portrait for the Deceased	"""Then come and drown with me"""				161	4/4	EXCE-064	audio/STIM-105.wav	Moni Patel	20250510					https://open.spotify.com/artist/4xlkYCPL2K11M8HIaIO6QA?si=SEI1bhO2TiGnYMiDWuyzLw
STIM-106	E	Screaming_V	Architects	A Portrait for the Deceased	"""Then come and drown with me"""				161	4/4	EXCE-064	audio/STIM-106.wav	Moni Patel	20250510					https://open.spotify.com/artist/4xlkYCPL2K11M8HIaIO6QA?si=SEI1bhO2TiGnYMiDWuyzLw
STIM-107	E	Screaming_NV	August Burns Red	The Reflective Property	"""A brief wind is swept through"""				180	4/4	EXCE-155	audio/STIM-107.wav	Moni Patel	20250510					https://open.spotify.com/artist/4xlkYCPL2K11M8HIaIO6QA?si=SEI1bhO2TiGnYMiDWuyzLw
STIM-108	E	Screaming_V	August Burns Red	The Reflective Property	"""A brief wind is swept through"""				180	4/4	EXCE-155	audio/STIM-108.wav	Moni Patel	20250510					https://open.spotify.com/artist/4xlkYCPL2K11M8HIaIO6QA?si=SEI1bhO2TiGnYMiDWuyzLw
STIM-109	E	Screaming_NV	Northlane	Metamorphosis	"""And I will overcome this suffering"""				140	4/4	EXCE-179	audio/STIM-109.wav	Moni Patel	20250510					https://open.spotify.com/artist/4xlkYCPL2K11M8HIaIO6QA?si=SEI1bhO2TiGnYMiDWuyzLw
STIM-110	E	Screaming_V	Northlane	Metamorphosis	"""And I will overcome this suffering"""				140	4/4	EXCE-179	audio/STIM-110.wav	Moni Patel	20250510					https://open.spotify.com/artist/4xlkYCPL2K11M8HIaIO6QA?si=SEI1bhO2TiGnYMiDWuyzLw
STIM-111	E	Screaming_NV	Chelsea Grin	Behind A Veil Of Lies	"""I can't seek help from angels"""				115	4/4	EXCE-087	audio/STIM-111.wav	Moni Patel	20250510					https://open.spotify.com/artist/4xlkYCPL2K11M8HIaIO6QA?si=SEI1bhO2TiGnYMiDWuyzLw
STIM-112	E	Screaming_V	Chelsea Grin	Behind A Veil Of Lies	"""I can't seek help from angels"""				115	4/4	EXCE-087	audio/STIM-112.wav	Moni Patel	20250510					https://open.spotify.com/artist/4xlkYCPL2K11M8HIaIO6QA?si=SEI1bhO2TiGnYMiDWuyzLw
STIM-113	E	Growling_NV	Whitechapel	The Night Remains	"""Rid yourself and never return"""				155	4/4	EXCE-141	audio/STIM-113.wav	Moni Patel	20250510					https://open.spotify.com/artist/4xlkYCPL2K11M8HIaIO6QA?si=SEI1bhO2TiGnYMiDWuyzLw
STIM-114	E	Growling_V	Whitechapel	The Night Remains	"""Rid yourself and never return"""				155	4/4	EXCE-141	audio/STIM-114.wav	Moni Patel	20250510					https://open.spotify.com/artist/4xlkYCPL2K11M8HIaIO6QA?si=SEI1bhO2TiGnYMiDWuyzLw
STIM-115	E	Growling_NV	Morbid Angel	God Of Our Own Divinity	"""Break apart this rusty chains"""				140	3/4	EXCE-042	audio/STIM-115.wav	Moni Patel	20250510					https://open.spotify.com/artist/4xlkYCPL2K11M8HIaIO6QA?si=SEI1bhO2TiGnYMiDWuyzLw
STIM-116	E	Growling_V	Morbid Angel	God Of Our Own Divinity	"""Break apart this rusty chains"""				140	3/4	EXCE-042	audio/STIM-116.wav	Moni Patel	20250510					https://open.spotify.com/artist/4xlkYCPL2K11M8HIaIO6QA?si=SEI1bhO2TiGnYMiDWuyzLw
STIM-117	E	Growling_NV	Whitechapel	Dwell in the Shadows	"""This blade cuts deeper than flesh"""				95	4/4	EXCE-208	audio/STIM-117.wav	Moni Patel	20250510					https://open.spotify.com/artist/4xlkYCPL2K11M8HIaIO6QA?si=SEI1bhO2TiGnYMiDWuyzLw
STIM-118	E	Growling_V	Whitechapel	Dwell in the Shadows	"""This blade cuts deeper than flesh"""				95	4/4	EXCE-208	audio/STIM-118.wav	Moni Patel	20250510					https://open.spotify.com/artist/4xlkYCPL2K11M8HIaIO6QA?si=SEI1bhO2TiGnYMiDWuyzLw
STIM-119	E	Growling_NV	The Black Dahlia Murder	Stygiophobic	"""Can't they see there are consequences?"""				110	4/4	EXCE-184	audio/STIM-119.wav	Moni Patel	20250510					https://open.spotify.com/artist/4xlkYCPL2K11M8HIaIO6QA?si=SEI1bhO2TiGnYMiDWuyzLw
STIM-120	E	Growling_V	The Black Dahlia Murder	Stygiophobic	"""Can't they see there are consequences?"""				110	4/4	EXCE-184	audio/STIM-120.wav	Moni Patel	20250510					https://open.spotify.com/artist/4xlkYCPL2K11M8HIaIO6QA?si=SEI1bhO2TiGnYMiDWuyzLw
STIM-121	F	Clean	Trivium	The Deceived - Flavus	"""Tell that the promised have been failed"""				105	4/4	EXCE-093	audio/STIM-121.wav	Ahad Farooqui	20250511					https://open.spotify.com/artist/1g3TCyXjGgYTBLBUhSrOg5?si=OXM8TmRmRuSHRSUr5FV2Cw
STIM-122	F	Clean_FLAT	Trivium	The Deceived - Flavus	"""Tell that the promised have been failed"""				105	4/4	EXCE-093	audio/STIM-122.wav	Ahad Farooqui	20250511					https://open.spotify.com/artist/1g3TCyXjGgYTBLBUhSrOg5?si=OXM8TmRmRuSHRSUr5FV2Cw
STIM-123	F	Clean	Avenged Sevenfold	Higher	"""Meet you in the stars tonight"""				135	4/4	EXCE-056	audio/STIM-123.wav	Ahad Farooqui	20250511					https://open.spotify.com/artist/1g3TCyXjGgYTBLBUhSrOg5?si=OXM8TmRmRuSHRSUr5FV2Cw
STIM-124	F	Clean_FLAT	Avenged Sevenfold	Higher	"""Meet you in the stars tonight"""				135	4/4	EXCE-056	audio/STIM-124.wav	Ahad Farooqui	20250511					https://open.spotify.com/artist/1g3TCyXjGgYTBLBUhSrOg5?si=OXM8TmRmRuSHRSUr5FV2Cw
STIM-125	F	Clean	Killswitch Engage	Still Beats Your Name	"""Will I live another day?"""				110	4/4	EXCE-108	audio/STIM-125.wav	Ahad Farooqui	20250511					https://open.spotify.com/artist/1g3TCyXjGgYTBLBUhSrOg5?si=OXM8TmRmRuSHRSUr5FV2Cw
STIM-126	F	Clean_FLAT	Killswitch Engage	Still Beats Your Name	"""Will I live another day?"""				110	4/4	EXCE-108	audio/STIM-126.wav	Ahad Farooqui	20250511					https://open.spotify.com/artist/1g3TCyXjGgYTBLBUhSrOg5?si=OXM8TmRmRuSHRSUr5FV2Cw
STIM-127	F	Clean	Metallica	Crown of Barbed Wire	"""This rusted empire I own"""				110	4/4	EXCE-124	audio/STIM-127.wav	Ahad Farooqui	20250511					https://open.spotify.com/artist/1g3TCyXjGgYTBLBUhSrOg5?si=OXM8TmRmRuSHRSUr5FV2Cw
STIM-128	F	Clean_FLAT	Metallica	Crown of Barbed Wire	"""This rusted empire I own"""				110	4/4	EXCE-124	audio/STIM-128.wav	Ahad Farooqui	20250511					https://open.spotify.com/artist/1g3TCyXjGgYTBLBUhSrOg5?si=OXM8TmRmRuSHRSUr5FV2Cw
STIM-129	F	Screaming_NV	Architects	A Portrait for the Deceased	"""Then come and drown with me"""				161	4/4	EXCE-064	audio/STIM-129.wav	Ahad Farooqui	20250511					https://open.spotify.com/artist/1g3TCyXjGgYTBLBUhSrOg5?si=OXM8TmRmRuSHRSUr5FV2Cw
STIM-130	F	Screaming_V	Architects	A Portrait for the Deceased	"""Then come and drown with me"""				161	4/4	EXCE-064	audio/STIM-130.wav	Ahad Farooqui	20250511					https://open.spotify.com/artist/1g3TCyXjGgYTBLBUhSrOg5?si=OXM8TmRmRuSHRSUr5FV2Cw
STIM-131	F	Screaming_NV	August Burns Red	The Reflective Property	"""A brief wind is swept through"""				180	4/4	EXCE-155	audio/STIM-131.wav	Ahad Farooqui	20250511					https://open.spotify.com/artist/1g3TCyXjGgYTBLBUhSrOg5?si=OXM8TmRmRuSHRSUr5FV2Cw
STIM-132	F	Screaming_V	August Burns Red	The Reflective Property	"""A brief wind is swept through"""				180	4/4	EXCE-155	audio/STIM-132.wav	Ahad Farooqui	20250511					https://open.spotify.com/artist/1g3TCyXjGgYTBLBUhSrOg5?si=OXM8TmRmRuSHRSUr5FV2Cw
STIM-133	F	Screaming_NV	Northlane	Metamorphosis	"""And I will overcome this suffering"""				140	4/4	EXCE-179	audio/STIM-133.wav	Ahad Farooqui	20250511					https://open.spotify.com/artist/1g3TCyXjGgYTBLBUhSrOg5?si=OXM8TmRmRuSHRSUr5FV2Cw
STIM-134	F	Screaming_V	Northlane	Metamorphosis	"""And I will overcome this suffering"""				140	4/4	EXCE-179	audio/STIM-134.wav	Ahad Farooqui	20250511					https://open.spotify.com/artist/1g3TCyXjGgYTBLBUhSrOg5?si=OXM8TmRmRuSHRSUr5FV2Cw
STIM-135	F	Screaming_NV	Chelsea Grin	Behind A Veil Of Lies	"""I can't seek help from angels"""				115	4/4	EXCE-087	audio/STIM-135.wav	Ahad Farooqui	20250511					https://open.spotify.com/artist/1g3TCyXjGgYTBLBUhSrOg5?si=OXM8TmRmRuSHRSUr5FV2Cw
STIM-136	F	Screaming_V	Chelsea Grin	Behind A Veil Of Lies	"""I can't seek help from angels"""				115	4/4	EXCE-087	audio/STIM-136.wav	Ahad Farooqui	20250511					https://open.spotify.com/artist/1g3TCyXjGgYTBLBUhSrOg5?si=OXM8TmRmRuSHRSUr5FV2Cw
STIM-137	F	Growling_NV	Whitechapel	The Night Remains	"""Rid yourself and never return"""				155	4/4	EXCE-141	audio/STIM-137.wav	Ahad Farooqui	20250511					https://open.spotify.com/artist/1g3TCyXjGgYTBLBUhSrOg5?si=OXM8TmRmRuSHRSUr5FV2Cw
STIM-138	F	Growling_V	Whitechapel	The Night Remains	"""Rid yourself and never return"""				155	4/4	EXCE-141	audio/STIM-138.wav	Ahad Farooqui	20250511					https://open.spotify.com/artist/1g3TCyXjGgYTBLBUhSrOg5?si=OXM8TmRmRuSHRSUr5FV2Cw
STIM-139	F	Growling_NV	Morbid Angel	God Of Our Own Divinity	"""Break apart this rusty chains"""				140	3/4	EXCE-042	audio/STIM-139.wav	Ahad Farooqui	20250511					https://open.spotify.com/artist/1g3TCyXjGgYTBLBUhSrOg5?si=OXM8TmRmRuSHRSUr5FV2Cw
STIM-140	F	Growling_V	Morbid Angel	God Of Our Own Divinity	"""Break apart this rusty chains"""				140	3/4	EXCE-042	audio/STIM-140.wav	Ahad Farooqui	20250511					https://open.spotify.com/artist/1g3TCyXjGgYTBLBUhSrOg5?si=OXM8TmRmRuSHRSUr5FV2Cw
STIM-141	F	Growling_NV	Whitechapel	Dwell in the Shadows	"""This blade cuts deeper than flesh"""				95	4/4	EXCE-208	audio/STIM-141.wav	Ahad Farooqui	20250511					https://open.spotify.com/artist/1g3TCyXjGgYTBLBUhSrOg5?si=OXM8TmRmRuSHRSUr5FV2Cw
STIM-142	F	Growling_V	Whitechapel	Dwell in the Shadows	"""This blade cuts deeper than flesh"""				95	4/4	EXCE-208	audio/STIM-142.wav	Ahad Farooqui	20250511					https://open.spotify.com/artist/1g3TCyXjGgYTBLBUhSrOg5?si=OXM8TmRmRuSHRSUr5FV2Cw
STIM-143	F	Growling_NV	The Black Dahlia Murder	Stygiophobic	"""Can't they see there are consequences?"""				110	4/4	EXCE-184	audio/STIM-143.wav	Ahad Farooqui	20250511					https://open.spotify.com/artist/1g3TCyXjGgYTBLBUhSrOg5?si=OXM8TmRmRuSHRSUr5FV2Cw
STIM-144	G	Clean	Trivium	The Deceived - Flavus	"""Tell that the promised have been failed"""				105	4/4	EXCE-093	audio/STIM-144.wav	Rachael Chafin	20250513			Female vocalist		https://open.spotify.com/artist/1g3TCyXjGgYTBLBUhSrOg5?si=OXM8TmRmRuSHRSUr5FV2Cw
STIM-145	G	Clean_FLAT	Trivium	The Deceived - Flavus	"""Tell that the promised have been failed"""				105	4/4	EXCE-093	audio/STIM-145.wav	Rachael Chafin	20250513			Female vocalist		
STIM-146	G	Clean	Avenged Sevenfold	Higher	"""Meet you in the stars tonight"""				135	4/4	EXCE-056	audio/STIM-146.wav	Rachael Chafin	20250513			Female vocalist		
STIM-147	G	Clean_FLAT	Avenged Sevenfold	Higher	"""Meet you in the stars tonight"""				135	4/4	EXCE-056	audio/STIM-147.wav	Rachael Chafin	20250513			Female vocalist		
STIM-148	G	Clean	Killswitch Engage	Still Beats Your Name	"""Will I live another day?"""				110	4/4	EXCE-108	audio/STIM-148.wav	Rachael Chafin	20250513			Female vocalist		
STIM-149	G	Clean_FLAT	Killswitch Engage	Still Beats Your Name	"""Will I live another day?"""				110	4/4	EXCE-108	audio/STIM-149.wav	Rachael Chafin	20250513			Female vocalist		
STIM-150	G	Clean	Metallica	Crown of Barbed Wire	"""This rusted empire I own"""				110	4/4	EXCE-124	audio/STIM-150.wav	Rachael Chafin	20250513			Female vocalist		
STIM-151	G	Clean_FLAT	Metallica	Crown of Barbed Wire	"""This rusted empire I own"""				110	4/4	EXCE-124	audio/STIM-151.wav	Rachael Chafin	20250513			Female vocalist		
STIM-152	G	Screaming_NV	Architects	A Portrait for the Deceased	"""Then come and drown with me"""				161	4/4	EXCE-064	audio/STIM-152.wav	Rachael Chafin	20250513			Female vocalist		
STIM-153	G	Screaming_V	Architects	A Portrait for the Deceased	"""Then come and drown with me"""				161	4/4	EXCE-064	audio/STIM-153.wav	Rachael Chafin	20250513			Female vocalist		
STIM-154	G	Screaming_NV	August Burns Red	The Reflective Property	"""A brief wind is swept through"""				180	4/4	EXCE-155	audio/STIM-154.wav	Rachael Chafin	20250513			Female vocalist		
STIM-155	G	Screaming_V	August Burns Red	The Reflective Property	"""A brief wind is swept through"""				180	4/4	EXCE-155	audio/STIM-155.wav	Rachael Chafin	20250513			Female vocalist		
STIM-156	G	Screaming_NV	Northlane	Metamorphosis	"""And I will overcome this suffering"""				140	4/4	EXCE-179	audio/STIM-156.wav	Rachael Chafin	20250513			Female vocalist		
STIM-157	G	Screaming_V	Northlane	Metamorphosis	"""And I will overcome this suffering"""				140	4/4	EXCE-179	audio/STIM-157.wav	Rachael Chafin	20250513			Female vocalist		
STIM-158	G	Screaming_NV	Chelsea Grin	Behind A Veil Of Lies	"""I can't seek help from angels"""				115	4/4	EXCE-087	audio/STIM-158.wav	Rachael Chafin	20250513			Female vocalist		
STIM-159	G	Screaming_V	Chelsea Grin	Behind A Veil Of Lies	"""I can't seek help from angels"""				115	4/4	EXCE-087	audio/STIM-159.wav	Rachael Chafin	20250513			Female vocalist		
STIM-160	G	Growling_NV	Whitechapel	The Night Remains	"""Rid yourself and never return"""				155	4/4	EXCE-141	audio/STIM-160.wav	Rachael Chafin	20250513			Female vocalist		
STIM-161	G	Growling_V	Whitechapel	The Night Remains	"""Rid yourself and never return"""				155	4/4	EXCE-141	audio/STIM-161.wav	Rachael Chafin	20250513			Female vocalist		
STIM-162	G	Growling_NV	Morbid Angel	God Of Our Own Divinity	"""Break apart this rusty chains"""				140	3/4	EXCE-042	audio/STIM-162.wav	Rachael Chafin	20250513			Female vocalist		
STIM-163	G	Growling_V	Morbid Angel	God Of Our Own Divinity	"""Break apart this rusty chains"""				140	3/4	EXCE-042	audio/STIM-163.wav	Rachael Chafin	20250513			Female vocalist		
STIM-164	G	Growling_NV	Whitechapel	Dwell in the Shadows	"""This blade cuts deeper than flesh"""				95	4/4	EXCE-208	audio/STIM-164.wav	Rachael Chafin	20250513			Female vocalist		
STIM-165	G	Growling_V	Whitechapel	Dwell in the Shadows	"""This blade cuts deeper than flesh"""				95	4/4	EXCE-208	audio/STIM-165.wav	Rachael Chafin	20250513			Female vocalist		
STIM-166	G	Growling_NV	The Black Dahlia Murder	Stygiophobic	"""Can't they see there are consequences?"""				110	4/4	EXCE-184	audio/STIM-166.wav	Rachael Chafin	20250513			Female vocalist		
STIM-167	G	Growling_V	The Black Dahlia Murder	Stygiophobic	"""Can't they see there are consequences?"""				110	4/4	EXCE-184	audio/STIM-167.wav	Rachael Chafin	20250513			Female vocalist		
STIM-168	A	Clean	Asking Alexandria	Holding On To Something More	"""I hear the screams inside these walls"""				180	4/4	EXCE-116	audio/STIM-168.wav	Patrick Smith	20250502					
STIM-169	A	Clean_FLAT	Asking Alexandria	Holding On To Something More	"""I hear the screams inside these walls"""				180	4/4	EXCE-116	audio/STIM-169.wav	Patrick Smith	20250502					
STIM-170	A	Clean	Protest the Hero	A Life Embossed	"""I'm proud of every pit bull"""				140	4/4	EXCE-128	audio/STIM-170.wav	Patrick Smith	20250502					
STIM-171	A	Clean_FLAT	Protest the Hero	A Life Embossed	"""I'm proud of every pit bull"""				140	4/4	EXCE-128	audio/STIM-171.wav	Patrick Smith	20250502					
STIM-172	A	Clean	Northlane	Ra	"""There's a desert in my head"""				90	4/4	EXCE-175	audio/STIM-172.wav	Patrick Smith	20250502					
STIM-173	A	Clean_FLAT	Northlane	Ra	"""There's a desert in my head"""				90	4/4	EXCE-175	audio/STIM-173.wav	Patrick Smith	20250502					
STIM-174	A	Clean	DragonForce	A Flame for Freedom	"""Life brings hope for us all"""				130	4/4	EXCE-189	audio/STIM-174.wav	Patrick Smith	20250502					
STIM-175	A	Clean_FLAT	DragonForce	A Flame for Freedom	"""Life brings hope for us all"""				130	4/4	EXCE-189	audio/STIM-175.wav	Patrick Smith	20250502					
STIM-176	A	Screaming_NV	Suicide Silence	Something Invisible	"""something fucking invisible"""				123	4/4	EXCE-050	audio/STIM-176.wav	Patrick Smith	20250502					
STIM-177	A	Screaming_V	Suicide Silence	Something Invisible	"""something fucking invisible"""				123	4/4	EXCE-050	audio/STIM-177.wav	Patrick Smith	20250502					
STIM-178	A	Screaming_NV	Cradle of Filth	Malignant Perfection	"""Temple praise the brazen goddess"""				136	4/4	EXCE-073	audio/STIM-178.wav	Patrick Smith	20250502					
STIM-179	A	Screaming_V	Cradle of Filth	Malignant Perfection	"""Temple praise the brazen goddess"""				136	4/4	EXCE-073	audio/STIM-179.wav	Patrick Smith	20250502					
STIM-180	A	Screaming_NV	Parkway Drive	Set To Destroy	"""this is the end of days"""				220	4/4	EXCE-166	audio/STIM-180.wav	Patrick Smith	20250502					
STIM-181	A	Screaming_V	Parkway Drive	Set To Destroy	"""this is the end of days"""				220	4/4	EXCE-166	audio/STIM-181.wav	Patrick Smith	20250502					
STIM-182	A	Screaming_NV	The Black Dahlia Murder	The Fog	"""To think we toasted rye"""				150	4/4	EXCE-182	audio/STIM-182.wav	Patrick Smith	20250502					
STIM-183	A	Screaming_V	The Black Dahlia Murder	The Fog	"""To think we toasted rye"""				150	4/4	EXCE-182	audio/STIM-183.wav	Patrick Smith	20250502					
STIM-184	A	Growling_NV	Job for a Cowboy	Coalescing Prophecy	"""Have left behind the sign of the cross"""				240	4/4	EXCE-148	audio/STIM-184.wav	Patrick Smith	20250502					
STIM-185	A	Growling_V	Job for a Cowboy	Coalescing Prophecy	"""Have left behind the sign of the cross"""				240	4/4	EXCE-148	audio/STIM-185.wav	Patrick Smith	20250502					
STIM-186	A	Growling_NV	The Faceless	Ghost of a Stranger	"""what I have become"""				210	4/4	EXCE-202	audio/STIM-186.wav	Patrick Smith	20250502					
STIM-187	A	Growling_V	The Faceless	Ghost of a Stranger	"""what I have become"""				210	4/4	EXCE-202	audio/STIM-187.wav	Patrick Smith	20250502					
STIM-188	A	Growling_NV	Cannibal Corpse	Puncture Wound Massacre	"""Hate for them still drives my rage"""				143	4/4	EXCE-006	audio/STIM-188.wav	Patrick Smith	20250502					
STIM-189	A	Growling_V	Cannibal Corpse	Puncture Wound Massacre	"""Hate for them still drives my rage"""				143	4/4	EXCE-006	audio/STIM-189.wav	Patrick Smith	20250502					
STIM-190	A	Growling_NV	Whitechapel	Faces	"""The faces of justice"""				220	4/4	EXCE-139	audio/STIM-190.wav	Patrick Smith	20250502					
STIM-191	A	Growling_V	Whitechapel	Faces	"""The faces of justice"""				220	4/4	EXCE-139	audio/STIM-191.wav	Patrick Smith	20250502					
STIM-192	F	Growling_V	Incantation	Conquered God	"""Only to arise and prevail"""				142	6/8	EXCE-032	audio/STIM-192.wav	Ahad Farooqui	20250511			"no melodic version for STIM-143, this is a substitute"		https://open.spotify.com/artist/1g3TCyXjGgYTBLBUhSrOg5?si=OXM8TmRmRuSHRSUr5FV2Cw
STIM-193	B	Clean	Metallica	ManUNkind	"""Frozen captive by the nights"""				160	3/4	EXCE-121	audio/STIM-192.wav	Daniel Hoke Hossey III	20250506					https://open.spotify.com/artist/1X5JBMNf6cgE6snRQX3fkK?si=4Anj9P0PR2eh8wobhwM4wQ
STIM-194	B	Clean_FLAT	Metallica	ManUNkind	"""Frozen captive by the nights"""				160	3/4	EXCE-121	audio/STIM-193.wav	Daniel Hoke Hossey III	20250506					https://open.spotify.com/artist/1X5JBMNf6cgE6snRQX3fkK?si=4Anj9P0PR2eh8wobhwM4wQ
STIM-195	B	Clean	We Came As Romans	"Views That Never Cease, to Keep Me From Myself"	"""I will wade through the worst of it all"""				160	4/4	EXCE-197	audio/STIM-194.wav	Daniel Hoke Hossey III	20250506					https://open.spotify.com/artist/1X5JBMNf6cgE6snRQX3fkK?si=4Anj9P0PR2eh8wobhwM4wQ
STIM-196	B	Clean_FLAT	We Came As Romans	"Views That Never Cease, to Keep Me From Myself"	"""I will wade through the worst of it all"""				160	4/4	EXCE-197	audio/STIM-195.wav	Daniel Hoke Hossey III	20250506					https://open.spotify.com/artist/1X5JBMNf6cgE6snRQX3fkK?si=4Anj9P0PR2eh8wobhwM4wQ
STIM-197	B	Clean	Avenged Sevenfold	Fermi Paradox	"""Heaven works on borrowed time"""				150	4/4	EXCE-057	audio/STIM-196.wav	Daniel Hoke Hossey III	20250506					https://open.spotify.com/artist/1X5JBMNf6cgE6snRQX3fkK?si=4Anj9P0PR2eh8wobhwM4wQ
STIM-198	B	Clean_FLAT	Avenged Sevenfold	Fermi Paradox	"""Heaven works on borrowed time"""				150	4/4	EXCE-057	audio/STIM-197.wav	Daniel Hoke Hossey III	20250506					https://open.spotify.com/artist/1X5JBMNf6cgE6snRQX3fkK?si=4Anj9P0PR2eh8wobhwM4wQ
STIM-199	B	Screaming_NV	Architects	Year in Year Out/Up and Away	"""Live everyday like your last"""				107	4/4	EXCE-072	audio/STIM-198.wav	Daniel Hoke Hossey III	20250506					https://open.spotify.com/artist/1X5JBMNf6cgE6snRQX3fkK?si=4Anj9P0PR2eh8wobhwM4wQ
STIM-200	B	Screaming_V	Architects	Year in Year Out/Up and Away	"""Live everyday like your last"""				107	4/4	EXCE-072	audio/STIM-199.wav	Daniel Hoke Hossey III	20250506					https://open.spotify.com/artist/1X5JBMNf6cgE6snRQX3fkK?si=4Anj9P0PR2eh8wobhwM4wQ
STIM-201	B	Screaming_NV	August Burns Red	Twenty-One Grams	"""While seeking answers to these questions?"""				195	4/4	EXCE-160	audio/STIM-200.wav	Daniel Hoke Hossey III	20250506					https://open.spotify.com/artist/1X5JBMNf6cgE6snRQX3fkK?si=4Anj9P0PR2eh8wobhwM4wQ
STIM-202	B	Screaming_V	August Burns Red	Twenty-One Grams	"""While seeking answers to these questions?"""				195	4/4	EXCE-160	audio/STIM-201.wav	Daniel Hoke Hossey III	20250506					https://open.spotify.com/artist/1X5JBMNf6cgE6snRQX3fkK?si=4Anj9P0PR2eh8wobhwM4wQ
STIM-203	B	Screaming_NV	Parkway Drive	Hollow	"""Yet conflict embraces me"""				150	4/4	EXCE-168	audio/STIM-202.wav	Daniel Hoke Hossey III	20250506					https://open.spotify.com/artist/1X5JBMNf6cgE6snRQX3fkK?si=4Anj9P0PR2eh8wobhwM4wQ
STIM-204	B	Screaming_V	Parkway Drive	Hollow	"""Yet conflict embraces me"""				150	4/4	EXCE-168	audio/STIM-203.wav	Daniel Hoke Hossey III	20250506					https://open.spotify.com/artist/1X5JBMNf6cgE6snRQX3fkK?si=4Anj9P0PR2eh8wobhwM4wQ
STIM-205	B	Screaming_NV	The Black Dahlia Murder	The Advent	"""Empire laden in frost"""				180	4/4	EXCE-181	audio/STIM-204.wav	Daniel Hoke Hossey III	20250506					https://open.spotify.com/artist/1X5JBMNf6cgE6snRQX3fkK?si=4Anj9P0PR2eh8wobhwM4wQ
STIM-206	B	Screaming_V	The Black Dahlia Murder	The Advent	"""Empire laden in frost"""				180	4/4	EXCE-181	audio/STIM-205.wav	Daniel Hoke Hossey III	20250506					https://open.spotify.com/artist/1X5JBMNf6cgE6snRQX3fkK?si=4Anj9P0PR2eh8wobhwM4wQ
STIM-207	B	Growling_NV	Morbid Angel	Within Thy Enemy	"""From within this seething comes"""				221	4/4	EXCE-041	audio/STIM-206.wav	Daniel Hoke Hossey III	20250506					https://open.spotify.com/artist/1X5JBMNf6cgE6snRQX3fkK?si=4Anj9P0PR2eh8wobhwM4wQ
STIM-208	B	Growling_V	Morbid Angel	Within Thy Enemy	"""From within this seething comes"""				221	4/4	EXCE-041	audio/STIM-207.wav	Daniel Hoke Hossey III	20250506					https://open.spotify.com/artist/1X5JBMNf6cgE6snRQX3fkK?si=4Anj9P0PR2eh8wobhwM4wQ
STIM-209	B	Growling_NV	Whitechapel	Single File to Dehumanization	"""I'm a slave to myself"""				140	5/4	EXCE-137	audio/STIM-208.wav	Daniel Hoke Hossey III	20250506					https://open.spotify.com/artist/1X5JBMNf6cgE6snRQX3fkK?si=4Anj9P0PR2eh8wobhwM4wQ
STIM-210	B	Growling_V	Whitechapel	Single File to Dehumanization	"""I'm a slave to myself"""				140	5/4	EXCE-137	audio/STIM-209.wav	Daniel Hoke Hossey III	20250506					https://open.spotify.com/artist/1X5JBMNf6cgE6snRQX3fkK?si=4Anj9P0PR2eh8wobhwM4wQ
STIM-211	B	Growling_NV	Job for a Cowboy	The Celestial Antidote	"""Lord comes in a tiny"""				150	3/4	EXCE-151	audio/STIM-210.wav	Daniel Hoke Hossey III	20250506					https://open.spotify.com/artist/1X5JBMNf6cgE6snRQX3fkK?si=4Anj9P0PR2eh8wobhwM4wQ
STIM-212	B	Growling_V	Job for a Cowboy	The Celestial Antidote	"""Lord comes in a tiny"""				150	3/4	EXCE-151	audio/STIM-211.wav	Daniel Hoke Hossey III	20250506					https://open.spotify.com/artist/1X5JBMNf6cgE6snRQX3fkK?si=4Anj9P0PR2eh8wobhwM4wQ
STIM-213	B	Growling_NV	The Faceless	Shake The Disease	"""In spirit I'll be there"""				112	6/4	EXCE-027	audio/STIM-212.wav	Daniel Hoke Hossey III	20250506					https://open.spotify.com/artist/1X5JBMNf6cgE6snRQX3fkK?si=4Anj9P0PR2eh8wobhwM4wQ
STIM-214	B	Growling_V	The Faceless	Shake The Disease	"""In spirit I'll be there"""				112	6/4	EXCE-027	audio/STIM-213.wav	Daniel Hoke Hossey III	20250506					https://open.spotify.com/artist/1X5JBMNf6cgE6snRQX3fkK?si=4Anj9P0PR2eh8wobhwM4wQ
STIM-215	C	Clean	Protest the Hero	Tapestry	"""Like a million other soldiers"""				85	4/4	EXCE-131	audio/STIM-214.wav	Nathan Bagwell Jr.	20250507					https://open.spotify.com/artist/0mAFtuhEzuJs2ouYJ0Lqo7?si=atMso54jTtyvtr7rBUDF8Q
STIM-216	C	Clean_FLAT	Protest the Hero	Tapestry	"""Like a million other soldiers"""				85	4/4	EXCE-131	audio/STIM-215.wav	Nathan Bagwell Jr.	20250507					https://open.spotify.com/artist/0mAFtuhEzuJs2ouYJ0Lqo7?si=atMso54jTtyvtr7rBUDF8Q
STIM-217	C	Clean	Metallica	Chasing Light	"""turn so you won't see"""				90	4/4	EXCE-125	audio/STIM-216.wav	Nathan Bagwell Jr.	20250507					https://open.spotify.com/artist/0mAFtuhEzuJs2ouYJ0Lqo7?si=atMso54jTtyvtr7rBUDF8Q
STIM-218	C	Clean_FLAT	Metallica	Chasing Light	"""turn so you won't see"""				90	4/4	EXCE-125	audio/STIM-217.wav	Nathan Bagwell Jr.	20250507					https://open.spotify.com/artist/0mAFtuhEzuJs2ouYJ0Lqo7?si=atMso54jTtyvtr7rBUDF8Q
STIM-219	C	Clean	Protest the Hero	Rivet	"""Land of common sense"""				100	4/4	EXCE-133	audio/STIM-218.wav	Nathan Bagwell Jr.	20250507					https://open.spotify.com/artist/0mAFtuhEzuJs2ouYJ0Lqo7?si=atMso54jTtyvtr7rBUDF8Q
STIM-220	C	Clean_FLAT	Protest the Hero	Rivet	"""Land of common sense"""				100	4/4	EXCE-133	audio/STIM-219.wav	Nathan Bagwell Jr.	20250507					https://open.spotify.com/artist/0mAFtuhEzuJs2ouYJ0Lqo7?si=atMso54jTtyvtr7rBUDF8Q
STIM-221	C	Clean	Metallica	Murder One	"""Still hear your thunder"""				105	4/4	EXCE-123	audio/STIM-220.wav	Nathan Bagwell Jr.	20250507					https://open.spotify.com/artist/0mAFtuhEzuJs2ouYJ0Lqo7?si=atMso54jTtyvtr7rBUDF8Q
STIM-222	C	Clean_FLAT	Metallica	Murder One	"""Still hear your thunder"""				105	4/4	EXCE-123	audio/STIM-221.wav	Nathan Bagwell Jr.	20250507					https://open.spotify.com/artist/0mAFtuhEzuJs2ouYJ0Lqo7?si=atMso54jTtyvtr7rBUDF8Q
STIM-223	C	Screaming_NV	Cradle of Filth	Of Mist And Midnight Skies	"""We will ride again"""				135	4/4	EXCE-077	audio/STIM-222.wav	Nathan Bagwell Jr.	20250507					https://open.spotify.com/artist/0mAFtuhEzuJs2ouYJ0Lqo7?si=atMso54jTtyvtr7rBUDF8Q
STIM-224	C	Screaming_V	Cradle of Filth	Of Mist And Midnight Skies	"""We will ride again"""				135	4/4	EXCE-077	audio/STIM-223.wav	Nathan Bagwell Jr.	20250507					https://open.spotify.com/artist/0mAFtuhEzuJs2ouYJ0Lqo7?si=atMso54jTtyvtr7rBUDF8Q
STIM-225	C	Screaming_NV	Chelsea Grin	Cursed	"""May the fallen rise"""				120	4/4	EXCE-086	audio/STIM-224.wav	Nathan Bagwell Jr.	20250507					https://open.spotify.com/artist/0mAFtuhEzuJs2ouYJ0Lqo7?si=atMso54jTtyvtr7rBUDF8Q
STIM-226	C	Screaming_V	Chelsea Grin	Cursed	"""May the fallen rise"""				120	4/4	EXCE-086	audio/STIM-225.wav	Nathan Bagwell Jr.	20250507					https://open.spotify.com/artist/0mAFtuhEzuJs2ouYJ0Lqo7?si=atMso54jTtyvtr7rBUDF8Q
STIM-227	C	Screaming_NV	Chelsea Grin	Last Breath	"""I have not seen you smile"""				118	4/4	EXCE-085	audio/STIM-226.wav	Nathan Bagwell Jr.	20250507					https://open.spotify.com/artist/0mAFtuhEzuJs2ouYJ0Lqo7?si=atMso54jTtyvtr7rBUDF8Q
STIM-228	C	Screaming_V	Chelsea Grin	Last Breath	"""I have not seen you smile"""				118	4/4	EXCE-085	audio/STIM-227.wav	Nathan Bagwell Jr.	20250507					https://open.spotify.com/artist/0mAFtuhEzuJs2ouYJ0Lqo7?si=atMso54jTtyvtr7rBUDF8Q
STIM-229	C	Screaming_NV	Suicide Silence	Don't Be Careful You Might Hurt Yourself	"""Let time stand still"""				135	4/4	EXCE-046	audio/STIM-228.wav	Nathan Bagwell Jr.	20250507					https://open.spotify.com/artist/0mAFtuhEzuJs2ouYJ0Lqo7?si=atMso54jTtyvtr7rBUDF8Q
STIM-230	C	Screaming_V	Suicide Silence	Don't Be Careful You Might Hurt Yourself	"""Let time stand still"""				135	4/4	EXCE-046	audio/STIM-229.wav	Nathan Bagwell Jr.	20250507					https://open.spotify.com/artist/0mAFtuhEzuJs2ouYJ0Lqo7?si=atMso54jTtyvtr7rBUDF8Q
STIM-231	C	Growling_NV	Incantation	Extirpated Dominus	"""I ascend the throne"""				165	6/8	EXCE-031	audio/STIM-230.wav	Nathan Bagwell Jr.	20250507					https://open.spotify.com/artist/0mAFtuhEzuJs2ouYJ0Lqo7?si=atMso54jTtyvtr7rBUDF8Q
STIM-232	C	Growling_V	Incantation	Extirpated Dominus	"""I ascend the throne"""				165	6/8	EXCE-031	audio/STIM-231.wav	Nathan Bagwell Jr.	20250507					https://open.spotify.com/artist/0mAFtuhEzuJs2ouYJ0Lqo7?si=atMso54jTtyvtr7rBUDF8Q
STIM-233	C	Growling_NV	Carcass	Cadaveric Incubator of Endoparasites	"""Come and take a bite"""				200	4/4	EXCE-017	audio/STIM-232.wav	Nathan Bagwell Jr.	20250507					https://open.spotify.com/artist/0mAFtuhEzuJs2ouYJ0Lqo7?si=atMso54jTtyvtr7rBUDF8Q
STIM-234	C	Growling_V	Carcass	Cadaveric Incubator of Endoparasites	"""Come and take a bite"""				200	4/4	EXCE-017	audio/STIM-233.wav	Nathan Bagwell Jr.	20250507					https://open.spotify.com/artist/0mAFtuhEzuJs2ouYJ0Lqo7?si=atMso54jTtyvtr7rBUDF8Q
STIM-235	C	Growling_NV	Dying Fetus	Absolute Defiance	"""with puppet strings, and faking lies"""				200	4/4	EXCE-020	audio/STIM-234.wav	Nathan Bagwell Jr.	20250507					https://open.spotify.com/artist/0mAFtuhEzuJs2ouYJ0Lqo7?si=atMso54jTtyvtr7rBUDF8Q
STIM-236	C	Growling_V	Dying Fetus	Absolute Defiance	"""with puppet strings, and faking lies"""				200	4/4	EXCE-020	audio/STIM-235.wav	Nathan Bagwell Jr.	20250507					https://open.spotify.com/artist/0mAFtuhEzuJs2ouYJ0Lqo7?si=atMso54jTtyvtr7rBUDF8Q
STIM-237	C	Growling_NV	Cannibal Corpse	Sanded Faceless	"""Tedious rasping, Painstakingly grate the skin"""				180	6/8	EXCE-001	audio/STIM-236.wav	Nathan Bagwell Jr.	20250507					https://open.spotify.com/artist/0mAFtuhEzuJs2ouYJ0Lqo7?si=atMso54jTtyvtr7rBUDF8Q
STIM-238	C	Growling_V	Cannibal Corpse	Sanded Faceless	"""Tedious rasping, Painstakingly grate the skin"""				180	6/8	EXCE-001	audio/STIM-237.wav	Nathan Bagwell Jr.	20250507					https://open.spotify.com/artist/0mAFtuhEzuJs2ouYJ0Lqo7?si=atMso54jTtyvtr7rBUDF8Q
STIM-239	D	Clean	Northlane	Solitude	"""Where the silence comforts"""				140	4/4	EXCE-178	audio/STIM-238.wav	Edwin Castillo	20250508					https://open.spotify.com/artist/5nwrqitQ1S4SIqzj5pXfm4?si=4SRbs46gRFuMGYpXwAS_sw
STIM-240	D	Clean_FLAT	Northlane	Solitude	"""Where the silence comforts"""				140	4/4	EXCE-178	audio/STIM-239.wav	Edwin Castillo	20250508					https://open.spotify.com/artist/5nwrqitQ1S4SIqzj5pXfm4?si=4SRbs46gRFuMGYpXwAS_sw
STIM-241	D	Clean	Northlane	Render	"""they're lacking meaning"""				130	3/4	EXCE-173	audio/STIM-240.wav	Edwin Castillo	20250508					https://open.spotify.com/artist/5nwrqitQ1S4SIqzj5pXfm4?si=4SRbs46gRFuMGYpXwAS_sw
STIM-242	D	Clean_FLAT	Northlane	Render	"""they're lacking meaning"""				130	3/4	EXCE-173	audio/STIM-241.wav	Edwin Castillo	20250508					https://open.spotify.com/artist/5nwrqitQ1S4SIqzj5pXfm4?si=4SRbs46gRFuMGYpXwAS_sw
STIM-243	D	Clean	Northlane	Zero-One	"""Drifting away to a place"""				150	4/4	EXCE-174	audio/STIM-242.wav	Edwin Castillo	20250508					https://open.spotify.com/artist/5nwrqitQ1S4SIqzj5pXfm4?si=4SRbs46gRFuMGYpXwAS_sw
STIM-244	D	Clean_FLAT	Northlane	Zero-One	"""Drifting away to a place"""				150	4/4	EXCE-174	audio/STIM-243.wav	Edwin Castillo	20250508					https://open.spotify.com/artist/5nwrqitQ1S4SIqzj5pXfm4?si=4SRbs46gRFuMGYpXwAS_sw
STIM-245	D	Clean	Asking Alexandria	The Grey	"""my vision is blurred"""				140	4/4	EXCE-113	audio/STIM-244.wav	Edwin Castillo	20250508					https://open.spotify.com/artist/5nwrqitQ1S4SIqzj5pXfm4?si=4SRbs46gRFuMGYpXwAS_sw
STIM-246	D	Clean_FLAT	Asking Alexandria	The Grey	"""my vision is blurred"""				140	4/4	EXCE-113	audio/STIM-245.wav	Edwin Castillo	20250508					https://open.spotify.com/artist/5nwrqitQ1S4SIqzj5pXfm4?si=4SRbs46gRFuMGYpXwAS_sw
STIM-247	D	Screaming_NV	August Burns Red	Broken Promises	"""As my trust in you is breaking"""				140	4/4	EXCE-162	audio/STIM-246.wav	Edwin Castillo	20250508					https://open.spotify.com/artist/5nwrqitQ1S4SIqzj5pXfm4?si=4SRbs46gRFuMGYpXwAS_sw
STIM-248	D	Screaming_V	August Burns Red	Broken Promises	"""As my trust in you is breaking"""				140	4/4	EXCE-162	audio/STIM-247.wav	Edwin Castillo	20250508					https://open.spotify.com/artist/5nwrqitQ1S4SIqzj5pXfm4?si=4SRbs46gRFuMGYpXwAS_sw
STIM-249	D	Screaming_NV	August Burns Red	Sincerity	"""stop my life to thank you"""				170	4/4	EXCE-157	audio/STIM-248.wav	Edwin Castillo	20250508					https://open.spotify.com/artist/5nwrqitQ1S4SIqzj5pXfm4?si=4SRbs46gRFuMGYpXwAS_sw
STIM-250	D	Screaming_V	August Burns Red	Sincerity	"""stop my life to thank you"""				170	4/4	EXCE-157	audio/STIM-249.wav	Edwin Castillo	20250508					https://open.spotify.com/artist/5nwrqitQ1S4SIqzj5pXfm4?si=4SRbs46gRFuMGYpXwAS_sw
STIM-251	D	Screaming_NV	Architects	Low	"""But you're so far away now"""				170	7/8	EXCE-069	audio/STIM-250.wav	Edwin Castillo	20250508					https://open.spotify.com/artist/5nwrqitQ1S4SIqzj5pXfm4?si=4SRbs46gRFuMGYpXwAS_sw
STIM-252	D	Screaming_V	Architects	Low	"""But you're so far away now"""				170	7/8	EXCE-069	audio/STIM-251.wav	Edwin Castillo	20250508					https://open.spotify.com/artist/5nwrqitQ1S4SIqzj5pXfm4?si=4SRbs46gRFuMGYpXwAS_sw
STIM-253	D	Screaming_NV	Carcass	Edge of Darkness - Radio 1 Rock Show Session	"""Decline, decension to a new dark age """				140	4/4	EXCE-012	audio/STIM-252.wav	Edwin Castillo	20250508					https://open.spotify.com/artist/5nwrqitQ1S4SIqzj5pXfm4?si=4SRbs46gRFuMGYpXwAS_sw
STIM-254	D	Screaming_V	Carcass	Edge of Darkness - Radio 1 Rock Show Session	"""Decline, decension to a new dark age """				140	4/4	EXCE-012	audio/STIM-253.wav	Edwin Castillo	20250508					https://open.spotify.com/artist/5nwrqitQ1S4SIqzj5pXfm4?si=4SRbs46gRFuMGYpXwAS_sw
STIM-255	D	Growling_NV	Job for a Cowboy	Strings Of Hypocrisy	"""amongst this crumbling nation"""				230	3/4	EXCE-149	audio/STIM-254.wav	Edwin Castillo	20250508					https://open.spotify.com/artist/5nwrqitQ1S4SIqzj5pXfm4?si=4SRbs46gRFuMGYpXwAS_sw
STIM-256	D	Growling_V	Job for a Cowboy	Strings Of Hypocrisy	"""amongst this crumbling nation"""				230	3/4	EXCE-149	audio/STIM-255.wav	Edwin Castillo	20250508					https://open.spotify.com/artist/5nwrqitQ1S4SIqzj5pXfm4?si=4SRbs46gRFuMGYpXwAS_sw
STIM-257	D	Growling_NV	Whitechapel	A Future Corrupt	"""the future of your dying earth"""				110	6/8	EXCE-136	audio/STIM-256.wav	Edwin Castillo	20250508					https://open.spotify.com/artist/5nwrqitQ1S4SIqzj5pXfm4?si=4SRbs46gRFuMGYpXwAS_sw
STIM-258	D	Growling_V	Whitechapel	A Future Corrupt	"""the future of your dying earth"""				110	6/8	EXCE-136	audio/STIM-257.wav	Edwin Castillo	20250508					https://open.spotify.com/artist/5nwrqitQ1S4SIqzj5pXfm4?si=4SRbs46gRFuMGYpXwAS_sw
STIM-259	D	Growling_NV	Job for a Cowboy	Encircled by Mirrors	"""It's opening the gates"""				140	4/4	EXCE-152	audio/STIM-258.wav	Edwin Castillo	20250508					https://open.spotify.com/artist/5nwrqitQ1S4SIqzj5pXfm4?si=4SRbs46gRFuMGYpXwAS_sw
STIM-260	D	Growling_V	Job for a Cowboy	Encircled by Mirrors	"""It's opening the gates"""				140	4/4	EXCE-152	audio/STIM-259.wav	Edwin Castillo	20250508					https://open.spotify.com/artist/5nwrqitQ1S4SIqzj5pXfm4?si=4SRbs46gRFuMGYpXwAS_sw
STIM-261	D	Growling_NV	Cannibal Corpse	Bloodstained Cement	"""No weakness to exploit, His ambush failed"""				107	4/4	EXCE-007	audio/STIM-260.wav	Edwin Castillo	20250508					https://open.spotify.com/artist/5nwrqitQ1S4SIqzj5pXfm4?si=4SRbs46gRFuMGYpXwAS_sw
STIM-262	D	Growling_V	Cannibal Corpse	Bloodstained Cement	"""No weakness to exploit, His ambush failed"""				107	4/4	EXCE-007	audio/STIM-261.wav	Edwin Castillo	20250508					https://open.spotify.com/artist/5nwrqitQ1S4SIqzj5pXfm4?si=4SRbs46gRFuMGYpXwAS_sw
STIM-263	E	Clean	Trivium	The Calamity	"""The calamity makes its way to the inside"""				130	4/4	EXCE-098	audio/STIM-262.wav	Moni Patel	20250510					https://open.spotify.com/artist/4xlkYCPL2K11M8HIaIO6QA?si=SEI1bhO2TiGnYMiDWuyzLw
STIM-264	E	Clean_FLAT	Trivium	The Calamity	"""The calamity makes its way to the inside"""				130	4/4	EXCE-098	audio/STIM-263.wav	Moni Patel	20250510					https://open.spotify.com/artist/4xlkYCPL2K11M8HIaIO6QA?si=SEI1bhO2TiGnYMiDWuyzLw
STIM-265	E	Clean	Avenged Sevenfold	(D)eath	"""And leave it on the fireplace"""				133	4/4	EXCE-063	audio/STIM-264.wav	Moni Patel	20250510					https://open.spotify.com/artist/4xlkYCPL2K11M8HIaIO6QA?si=SEI1bhO2TiGnYMiDWuyzLw
STIM-266	E	Clean_FLAT	Avenged Sevenfold	(D)eath	"""And leave it on the fireplace"""				133	4/4	EXCE-063	audio/STIM-265.wav	Moni Patel	20250510					https://open.spotify.com/artist/4xlkYCPL2K11M8HIaIO6QA?si=SEI1bhO2TiGnYMiDWuyzLw
STIM-267	E	Clean	Avenged Sevenfold	Simulation	"""I've questioned all the voices in my head"""				188	4/4	EXCE-055	audio/STIM-266.wav	Moni Patel	20250510					https://open.spotify.com/artist/4xlkYCPL2K11M8HIaIO6QA?si=SEI1bhO2TiGnYMiDWuyzLw
STIM-268	E	Clean_FLAT	Avenged Sevenfold	Simulation	"""I've questioned all the voices in my head"""				188	4/4	EXCE-055	audio/STIM-267.wav	Moni Patel	20250510					https://open.spotify.com/artist/4xlkYCPL2K11M8HIaIO6QA?si=SEI1bhO2TiGnYMiDWuyzLw
STIM-269	E	Clean	Metallica	Room of Mirrors	"""That fear of letting go"""				125	4/4	EXCE-126	audio/STIM-268.wav	Moni Patel	20250510					https://open.spotify.com/artist/4xlkYCPL2K11M8HIaIO6QA?si=SEI1bhO2TiGnYMiDWuyzLw
STIM-270	E	Clean_FLAT	Metallica	Room of Mirrors	"""That fear of letting go"""				125	4/4	EXCE-126	audio/STIM-269.wav	Moni Patel	20250510					https://open.spotify.com/artist/4xlkYCPL2K11M8HIaIO6QA?si=SEI1bhO2TiGnYMiDWuyzLw
STIM-271	E	Screaming_NV	Killswitch Engage	Time Will Not Remain	"""These are the days"""				189	3/4	EXCE-102	audio/STIM-270.wav	Moni Patel	20250510					https://open.spotify.com/artist/4xlkYCPL2K11M8HIaIO6QA?si=SEI1bhO2TiGnYMiDWuyzLw
STIM-272	E	Screaming_V	Killswitch Engage	Time Will Not Remain	"""These are the days"""				189	3/4	EXCE-102	audio/STIM-271.wav	Moni Patel	20250510					https://open.spotify.com/artist/4xlkYCPL2K11M8HIaIO6QA?si=SEI1bhO2TiGnYMiDWuyzLw
STIM-273	E	Screaming_NV	Avenged Sevenfold	Breaking Their Hold	"""To keep you down behind your back"""				190	4/4	EXCE-058	audio/STIM-272.wav	Moni Patel	20250510					https://open.spotify.com/artist/4xlkYCPL2K11M8HIaIO6QA?si=SEI1bhO2TiGnYMiDWuyzLw
STIM-274	E	Screaming_V	Avenged Sevenfold	Breaking Their Hold	"""To keep you down behind your back"""				190	4/4	EXCE-058	audio/STIM-273.wav	Moni Patel	20250510					https://open.spotify.com/artist/4xlkYCPL2K11M8HIaIO6QA?si=SEI1bhO2TiGnYMiDWuyzLw
STIM-275	E	Screaming_NV	Architects	The Blues	"""I've had to work for everything"""				120	4/4	EXCE-070	audio/STIM-274.wav	Moni Patel	20250510					https://open.spotify.com/artist/4xlkYCPL2K11M8HIaIO6QA?si=SEI1bhO2TiGnYMiDWuyzLw
STIM-276	E	Screaming_V	Architects	The Blues	"""I've had to work for everything"""				120	4/4	EXCE-070	audio/STIM-275.wav	Moni Patel	20250510					https://open.spotify.com/artist/4xlkYCPL2K11M8HIaIO6QA?si=SEI1bhO2TiGnYMiDWuyzLw
STIM-277	E	Screaming_NV	Architects	The Darkest Tomb	"""I know you won't miss"""				160	7/4	EXCE-065	audio/STIM-276.wav	Moni Patel	20250510					https://open.spotify.com/artist/4xlkYCPL2K11M8HIaIO6QA?si=SEI1bhO2TiGnYMiDWuyzLw
STIM-278	E	Screaming_V	Architects	The Darkest Tomb	"""I know you won't miss"""				160	7/4	EXCE-065	audio/STIM-277.wav	Moni Patel	20250510					https://open.spotify.com/artist/4xlkYCPL2K11M8HIaIO6QA?si=SEI1bhO2TiGnYMiDWuyzLw
STIM-279	E	Growling_NV	The Faceless	I am	"""And all the enveloping endless sadness"""				115	5/4	EXCE-026	audio/STIM-278.wav	Moni Patel	20250510					https://open.spotify.com/artist/4xlkYCPL2K11M8HIaIO6QA?si=SEI1bhO2TiGnYMiDWuyzLw
STIM-280	E	Growling_V	The Faceless	I am	"""And all the enveloping endless sadness"""				115	5/4	EXCE-026	audio/STIM-279.wav	Moni Patel	20250510					https://open.spotify.com/artist/4xlkYCPL2K11M8HIaIO6QA?si=SEI1bhO2TiGnYMiDWuyzLw
STIM-281	E	Growling_NV	Whitechapel	Prayer of Mockery	"""My patience is wearing thin"""				170	4/4	EXCE-138	audio/STIM-280.wav	Moni Patel	20250510					https://open.spotify.com/artist/4xlkYCPL2K11M8HIaIO6QA?si=SEI1bhO2TiGnYMiDWuyzLw
STIM-282	E	Growling_V	Whitechapel	Prayer of Mockery	"""My patience is wearing thin"""				170	4/4	EXCE-138	audio/STIM-281.wav	Moni Patel	20250510					https://open.spotify.com/artist/4xlkYCPL2K11M8HIaIO6QA?si=SEI1bhO2TiGnYMiDWuyzLw
STIM-283	E	Growling_NV	Incantation	Conquered God	"""Only to arise and prevail"""				142	6/8	EXCE-032	audio/STIM-282.wav	Moni Patel	20250510					https://open.spotify.com/artist/4xlkYCPL2K11M8HIaIO6QA?si=SEI1bhO2TiGnYMiDWuyzLw
STIM-284	E	Growling_V	Incantation	Conquered God	"""Only to arise and prevail"""				142	6/8	EXCE-032	audio/STIM-283.wav	Moni Patel	20250510					https://open.spotify.com/artist/4xlkYCPL2K11M8HIaIO6QA?si=SEI1bhO2TiGnYMiDWuyzLw
STIM-285	E	Growling_NV	Whitechapel	Articulo Mortis	"""I please myself once more"""				230	4/4	EXCE-143	audio/STIM-284.wav	Moni Patel	20250510					https://open.spotify.com/artist/4xlkYCPL2K11M8HIaIO6QA?si=SEI1bhO2TiGnYMiDWuyzLw
STIM-286	E	Growling_V	Whitechapel	Articulo Mortis	"""I please myself once more"""				230	4/4	EXCE-143	audio/STIM-285.wav	Moni Patel	20250510					https://open.spotify.com/artist/4xlkYCPL2K11M8HIaIO6QA?si=SEI1bhO2TiGnYMiDWuyzLw
STIM-287	F	Clean	Protest the Hero	Animal Bones	"""Oh, the chemical reaction"""				130	4/4	EXCE-127	audio/STIM-286.wav	Ahad Farooqui	20250511					https://open.spotify.com/artist/1g3TCyXjGgYTBLBUhSrOg5?si=OXM8TmRmRuSHRSUr5FV2Cw
STIM-288	F	Clean_FLAT	Protest the Hero	Animal Bones	"""Oh, the chemical reaction"""				130	4/4	EXCE-127	audio/STIM-287.wav	Ahad Farooqui	20250511					https://open.spotify.com/artist/1g3TCyXjGgYTBLBUhSrOg5?si=OXM8TmRmRuSHRSUr5FV2Cw
STIM-289	F	Clean	Trivium	Of Prometheus and the Crucifix	"""It's the cross I bear"""				180	4/4	EXCE-099	audio/STIM-288.wav	Ahad Farooqui	20250511					https://open.spotify.com/artist/1g3TCyXjGgYTBLBUhSrOg5?si=OXM8TmRmRuSHRSUr5FV2Cw
STIM-290	F	Clean_FLAT	Trivium	Of Prometheus and the Crucifix	"""It's the cross I bear"""				180	4/4	EXCE-099	audio/STIM-289.wav	Ahad Farooqui	20250511					https://open.spotify.com/artist/1g3TCyXjGgYTBLBUhSrOg5?si=OXM8TmRmRuSHRSUr5FV2Cw
STIM-291	F	Clean	Protest the Hero	Gardenias	"""And her short blonde hair"""				130	4/4	EXCE-134	audio/STIM-290.wav	Ahad Farooqui	20250511					https://open.spotify.com/artist/1g3TCyXjGgYTBLBUhSrOg5?si=OXM8TmRmRuSHRSUr5FV2Cw
STIM-292	F	Clean_FLAT	Protest the Hero	Gardenias	"""And her short blonde hair"""				130	4/4	EXCE-134	audio/STIM-291.wav	Ahad Farooqui	20250511					https://open.spotify.com/artist/1g3TCyXjGgYTBLBUhSrOg5?si=OXM8TmRmRuSHRSUr5FV2Cw
STIM-293	F	Clean	Asking Alexandria	Misery Loves Company	"""Hearts don't have to break in our home"""				132	4/4	EXCE-114	audio/STIM-292.wav	Ahad Farooqui	20250511					https://open.spotify.com/artist/1g3TCyXjGgYTBLBUhSrOg5?si=OXM8TmRmRuSHRSUr5FV2Cw
STIM-294	F	Clean_FLAT	Asking Alexandria	Misery Loves Company	"""Hearts don't have to break in our home"""				132	4/4	EXCE-114	audio/STIM-293.wav	Ahad Farooqui	20250511					https://open.spotify.com/artist/1g3TCyXjGgYTBLBUhSrOg5?si=OXM8TmRmRuSHRSUr5FV2Cw
STIM-295	F	Screaming_NV	Suicide Silence	Run	"""Don't fucking run"""				120	4/4	EXCE-047	audio/STIM-294.wav	Ahad Farooqui	20250511					https://open.spotify.com/artist/1g3TCyXjGgYTBLBUhSrOg5?si=OXM8TmRmRuSHRSUr5FV2Cw
STIM-296	F	Screaming_V	Suicide Silence	Run	"""Don't fucking run"""				120	4/4	EXCE-047	audio/STIM-295.wav	Ahad Farooqui	20250511					https://open.spotify.com/artist/1g3TCyXjGgYTBLBUhSrOg5?si=OXM8TmRmRuSHRSUr5FV2Cw
STIM-297	F	Screaming_NV	Chelsea Grin	Life Sentence	"""my body lays dead"""				105	4/4	EXCE-083	audio/STIM-296.wav	Ahad Farooqui	20250511					https://open.spotify.com/artist/1g3TCyXjGgYTBLBUhSrOg5?si=OXM8TmRmRuSHRSUr5FV2Cw
STIM-298	F	Screaming_V	Chelsea Grin	Life Sentence	"""my body lays dead"""				105	4/4	EXCE-083	audio/STIM-297.wav	Ahad Farooqui	20250511					https://open.spotify.com/artist/1g3TCyXjGgYTBLBUhSrOg5?si=OXM8TmRmRuSHRSUr5FV2Cw
STIM-299	F	Screaming_NV	Suicide Silence	Suffer	"""And we'll continue to crush"""				124	4/4	EXCE-051	audio/STIM-298.wav	Ahad Farooqui	20250511					https://open.spotify.com/artist/1g3TCyXjGgYTBLBUhSrOg5?si=OXM8TmRmRuSHRSUr5FV2Cw
STIM-300	F	Screaming_V	Suicide Silence	Suffer	"""And we'll continue to crush"""				124	4/4	EXCE-051	audio/STIM-299.wav	Ahad Farooqui	20250511					https://open.spotify.com/artist/1g3TCyXjGgYTBLBUhSrOg5?si=OXM8TmRmRuSHRSUr5FV2Cw
STIM-301	F	Screaming_NV	Parkway Drive	A Cold Day in Hell	"""will be taken from you"""				180	2/4	EXCE-165	audio/STIM-300.wav	Ahad Farooqui	20250511					https://open.spotify.com/artist/1g3TCyXjGgYTBLBUhSrOg5?si=OXM8TmRmRuSHRSUr5FV2Cw
STIM-302	F	Screaming_V	Parkway Drive	A Cold Day in Hell	"""will be taken from you"""				180	2/4	EXCE-165	audio/STIM-301.wav	Ahad Farooqui	20250511					https://open.spotify.com/artist/1g3TCyXjGgYTBLBUhSrOg5?si=OXM8TmRmRuSHRSUr5FV2Cw
STIM-303	F	Growling_NV	Cannibal Corpse	Hung and Bled	"""Devoured by evil, Slave to this hell"""				83	3/4	EXCE-003	audio/STIM-302.wav	Ahad Farooqui	20250511					https://open.spotify.com/artist/1g3TCyXjGgYTBLBUhSrOg5?si=OXM8TmRmRuSHRSUr5FV2Cw
STIM-304	F	Growling_V	Cannibal Corpse	Hung and Bled	"""Devoured by evil, Slave to this hell"""				83	3/4	EXCE-003	audio/STIM-303.wav	Ahad Farooqui	20250511					https://open.spotify.com/artist/1g3TCyXjGgYTBLBUhSrOg5?si=OXM8TmRmRuSHRSUr5FV2Cw
STIM-305	F	Growling_NV	Morbid Angel	From the Hand of Kings	"""Empires and nations fall"""				210	4/4	EXCE-043	audio/STIM-304.wav	Ahad Farooqui	20250511					https://open.spotify.com/artist/1g3TCyXjGgYTBLBUhSrOg5?si=OXM8TmRmRuSHRSUr5FV2Cw
STIM-306	F	Growling_V	Morbid Angel	From the Hand of Kings	"""Empires and nations fall"""				210	4/4	EXCE-043	audio/STIM-305.wav	Ahad Farooqui	20250511					https://open.spotify.com/artist/1g3TCyXjGgYTBLBUhSrOg5?si=OXM8TmRmRuSHRSUr5FV2Cw
STIM-307	F	Growling_NV	Cannibal Corpse	Asphyxiate to Resuscitate	"""Choking, Starling, Breathless, Asphyxiate"""				200	6/8 - 2/4	EXCE-008	audio/STIM-306.wav	Ahad Farooqui	20250511					https://open.spotify.com/artist/1g3TCyXjGgYTBLBUhSrOg5?si=OXM8TmRmRuSHRSUr5FV2Cw
STIM-308	F	Growling_V	Cannibal Corpse	Asphyxiate to Resuscitate	"""Choking, Starling, Breathless, Asphyxiate"""				200	6/8 - 2/4	EXCE-008	audio/STIM-307.wav	Ahad Farooqui	20250511					https://open.spotify.com/artist/1g3TCyXjGgYTBLBUhSrOg5?si=OXM8TmRmRuSHRSUr5FV2Cw
STIM-309	F	Growling_NV	Incantation	Horns of Eradication	"""Certain it will come"""				110	4/4	EXCE-028	audio/STIM-308.wav	Ahad Farooqui	20250511					https://open.spotify.com/artist/1g3TCyXjGgYTBLBUhSrOg5?si=OXM8TmRmRuSHRSUr5FV2Cw
STIM-310	F	Growling_V	Incantation	Horns of Eradication	"""Certain it will come"""				110	4/4	EXCE-028	audio/STIM-309.wav	Ahad Farooqui	20250511					https://open.spotify.com/artist/1g3TCyXjGgYTBLBUhSrOg5?si=OXM8TmRmRuSHRSUr5FV2Cw
STIM-311	G	Clean	Asking Alexandria	Room 138	"""How did you forgive me?"""				180	4/4	EXCE-111	audio/STIM-310.wav	Rachael Chafin	20250513			Female vocalist		
STIM-312	G	Clean_FLAT	Asking Alexandria	Room 138	"""How did you forgive me?"""				180	4/4	EXCE-111	audio/STIM-311.wav	Rachael Chafin	20250513			Female vocalist		
STIM-313	G	Clean	Killswitch Engage	The Call	"""Leave behind this shell of flesh"""				110	4/4	EXCE-100	audio/STIM-312.wav	Rachael Chafin	20250513			Female vocalist		
STIM-314	G	Clean_FLAT	Killswitch Engage	The Call	"""Leave behind this shell of flesh"""				110	4/4	EXCE-100	audio/STIM-313.wav	Rachael Chafin	20250513			Female vocalist		
STIM-315	G	Clean	Northlane	Paragon	"""there are no fighters"""				130	4/4	EXCE-172	audio/STIM-314.wav	Rachael Chafin	20250513			Female vocalist		
STIM-316	G	Clean_FLAT	Northlane	Paragon	"""there are no fighters"""				130	4/4	EXCE-172	audio/STIM-315.wav	Rachael Chafin	20250513			Female vocalist		
STIM-317	G	Clean	DragonForce	The Fire Still Burns	"""Til' we touch the horizon beyond"""				200	4/4	EXCE-192	audio/STIM-316.wav	Rachael Chafin	20250513			Female vocalist		
STIM-318	G	Clean_FLAT	DragonForce	The Fire Still Burns	"""Til' we touch the horizon beyond"""				200	4/4	EXCE-192	audio/STIM-317.wav	Rachael Chafin	20250513			Female vocalist		
STIM-319	G	Screaming_NV	Parkway Drive	"Picture Perfect, Pathetic"	"""Why did you throw your heart away?"""				190	4/4	EXCE-164	audio/STIM-318.wav	Rachael Chafin	20250513			Female vocalist		
STIM-320	G	Screaming_V	Parkway Drive	"Picture Perfect, Pathetic"	"""Why did you throw your heart away?"""				190	4/4	EXCE-164	audio/STIM-319.wav	Rachael Chafin	20250513			Female vocalist		
STIM-321	G	Screaming_NV	Parkway Drive	Atlas	"""With more hope than fear"""				130	4/4	EXCE-170	audio/STIM-320.wav	Rachael Chafin	20250513			Female vocalist		
STIM-322	G	Screaming_V	Parkway Drive	Atlas	"""With more hope than fear"""				130	4/4	EXCE-170	audio/STIM-321.wav	Rachael Chafin	20250513			Female vocalist		
STIM-323	G	Screaming_NV	Suicide Silence	Smashed	"""every grain of sand, I'll take it back"""				210	4/4	EXCE-053	audio/STIM-322.wav	Rachael Chafin	20250513			Female vocalist		
STIM-324	G	Screaming_V	Suicide Silence	Smashed	"""every grain of sand, I'll take it back"""				210	4/4	EXCE-053	audio/STIM-323.wav	Rachael Chafin	20250513			Female vocalist		
STIM-325	G	Screaming_NV	Suicide Silence	Your Creations	"""Predators to prey"""				114	4/4	EXCE-049	audio/STIM-324.wav	Rachael Chafin	20250513			Female vocalist		
STIM-326	G	Screaming_V	Suicide Silence	Your Creations	"""Predators to prey"""				114	4/4	EXCE-049	audio/STIM-325.wav	Rachael Chafin	20250513			Female vocalist		
STIM-327	G	Growling_NV	Carcass	Crepitating Bowel Erosion	"""Munch the mouldy scabs, lick the septic gash"""				200	4/4	EXCE-016	audio/STIM-326.wav	Rachael Chafin	20250513			Female vocalist		
STIM-328	G	Growling_V	Carcass	Crepitating Bowel Erosion	"""Munch the mouldy scabs, lick the septic gash"""				200	4/4	EXCE-016	audio/STIM-327.wav	Rachael Chafin	20250513			Female vocalist		
STIM-329	G	Growling_NV	Whitechapel	Festering Fiesta	"""erection wearing thin"""				150	4/4	EXCE-142	audio/STIM-328.wav	Rachael Chafin	20250513			Female vocalist		
STIM-330	G	Growling_V	Whitechapel	Festering Fiesta	"""erection wearing thin"""				150	4/4	EXCE-142	audio/STIM-329.wav	Rachael Chafin	20250513			Female vocalist		
STIM-331	G	Growling_NV	Dying Fetus	Obsolete Deterrence	"""that no god even cares for"""				195	4/4	EXCE-024	audio/STIM-330.wav	Rachael Chafin	20250513			Female vocalist		
STIM-332	G	Growling_V	Dying Fetus	Obsolete Deterrence	"""that no god even cares for"""				195	4/4	EXCE-024	audio/STIM-331.wav	Rachael Chafin	20250513			Female vocalist		
STIM-333	G	Growling_NV	Morbid Angel	The Fall of Idols	"""You swore to be the shelter"""				225	4/4	EXCE-044	audio/STIM-332.wav	Rachael Chafin	20250513			Female vocalist		
STIM-334	G	Growling_V	Morbid Angel	The Fall of Idols	"""You swore to be the shelter"""				225	4/4	EXCE-044	audio/STIM-333.wav	Rachael Chafin	20250513			Female vocalist		
STIM-335	G	Clean	Trivium	He Who Spawned the Furies	"""what is eating me"""				130	4/4	EXCE-097	audio/STIM-334.wav	Rachael Chafin	20250513			Female vocalist		
STIM-336	G	Clean_FLAT	Trivium	He Who Spawned the Furies	"""what is eating me"""				130	4/4	EXCE-097	audio/STIM-335.wav	Rachael Chafin	20250513			Female vocalist