Excerpt_ID	Technique	Artist	Album	Album_Popularity	Song	Year	Stream_Count	Track_Popularity	Duration	Timecode	Lyrics	Rhythmic_representation	Melodic_representation	Spotify_URL	MP3_Path	Date_collected
EXCE-001	Growling	Cannibal Corpse	Gore Obsessed	28	Sanded Faceless	2002	219999	15	3:51	3:25-3:28	"""Tedious rasping, Painstakingly grate the skin"""	"""8 8 8 4. 4. 4r 8 8 8 8 4 8 4."""	N/A	https://open.spotify.com/track/6Pc9WrmJwQ8PnirdzZs21w?si=578f9344bcc14704	excerpts_audio/EXCE-001.mp3	5/3/2025
EXCE-002	Growling	Cannibal Corpse	Gore Obsessed	28	Drowning in Viscera	2002	284499	16	3:36	1:20-1:25	"""Inundated languid doom"""	"""4 4 4 4 4 4 2"""	N/A	https://open.spotify.com/track/5ISIhBnzmN5c7YV6btNv98?si=49136a3aeb9c4508	excerpts_audio/EXCE-002.mp3	5/3/2025
EXCE-003	Growling	Cannibal Corpse	Gore Obsessed	28	Hung and Bled	2002	227125	16	4:13	3:06-3:10	"""Devoured by evil, Slave to this hell"""	"""16 16 16 8 4 4 4 16 16 8"""	N/A	https://open.spotify.com/track/7oSwyTjxl0BsDbmo0wRHF4?si=aa416c6b64d14cb3	excerpts_audio/EXCE-003.mp3	5/3/2025
EXCE-004	Growling	Cannibal Corpse	Vile	31	Eaten from Inside	1996	405383	18	3:43	1:59-2:03	"""Severing, parts and veins in the way"""	"""12 12 3 6 6 6 6 6 6"""	N/A	https://open.spotify.com/track/1WqkUxNmokP1zxOrl41Pwu?si=b4b8cefbf2534504	excerpts_audio/EXCE-004.mp3	6/3/2025
EXCE-005	Growling	Cannibal Corpse	Vile	31	Monolith	1996	363202	18	4:24	1:39-1:43	"""Countless decomposing corpses walk upon the earth"""	"""16 16 16 16 16 16 16 16 16 16 16 16 4"""	N/A	https://open.spotify.com/track/5glOU6uyWmQrbuL6mbBMr2?si=8e8d68d36de04c27	excerpts_audio/EXCE-005.mp3	6/3/2025
EXCE-006	Growling	Cannibal Corpse	Vile	31	Puncture Wound Massacre	1996	460495	19	1:41	1:09-1:12	"""Hate for them still drives my rage"""	"""4 4 4 4 4 4 4"""	N/A	https://open.spotify.com/track/6tNy0SL7YeBrTJmDwTjnzA?si=f82c6bca6cbc4c52	excerpts_audio/EXCE-006.mp3	6/3/2025
EXCE-007	Growling	Cannibal Corpse	A Skeletal Domain	32	Bloodstained Cement	2014	559513	16	3:41	2:06-2:10	"""No weakness to exploit, His ambush failed"""	"""8 8 8 6 6 8 8 8 2"""	N/A	https://open.spotify.com/track/5RGufl8vRVwPf04em0xqcn?si=cd7af11212014928	excerpts_audio/EXCE-007.mp3	6/3/2025
EXCE-008	Growling	Cannibal Corpse	A Skeletal Domain	32	Asphyxiate to Resuscitate	2014	548934	16	3:47	1:52-1:57	"""Choking, Starling, Breathless, Asphyxiate"""	"""4 2 4 2 4 2 8 8 8 4"""	N/A	https://open.spotify.com/track/1LWanVoLc3bVtT7ItW4Ijc?si=2aea4ec1f83840f9	excerpts_audio/EXCE-008.mp3	6/3/2025
EXCE-009	Growling	Cannibal Corpse	A Skeletal Domain	32	Hollowed Bodies	2014	493877	16	3:05	1:18-1:22	"""13 more corpses are found"""	"""4 4 4 4 4 4 2"""	N/A	https://open.spotify.com/track/4Jw4JYroLKiKgPqgsAuxgR?si=229f9eaca0f34c1f	excerpts_audio/EXCE-009.mp3	6/3/2025
EXCE-010	Growling	Carcass	Wake Up and Smell the...	27	Hepatic Tissue Fermentation	1996	73982	6	6:11	2:44-2:48	"""neural cells fataly quenched"""	"""8 8 4 16 16 8 4"""	N/A	https://open.spotify.com/track/7zGW4B7tw5WqerzHIBrQbB?si=dcd1f022a3404800	excerpts_audio/EXCE-010.mp3	6/3/2025
EXCE-011	Growling	Carcass	Wake Up and Smell the...	27	Hepatic Tissue Fermentation II	1996	231182	7	6:39	2:24-2:28	"""Bodily distillation, as emerged flesh reacts"""	"""16 16 16 16 8 8 4r 8r 16 16 4 8 8 4 """	N/A	https://open.spotify.com/track/5CuPyCvkYSJZPei4fcTt5k?si=ac66902a26ce49f2	excerpts_audio/EXCE-011.mp3	6/3/2025
EXCE-012	Screaming	Carcass	Wake Up and Smell the...	27	Edge of Darkness - Radio 1 Rock Show Session	1996	85384	8	5:48	2:08-2:13	"""Decline, decension to a new dark age """	"""4. 4. 4r 4r 4 8 8 8 8 8 4. 4"""	N/A	https://open.spotify.com/track/6Ce4IlQrRVEzSRBxTgCmZ9?si=279c3e20820241c2	excerpts_audio/EXCE-012.mp3	6/3/2025
EXCE-013	Growling	Carcass	Reek of Putrefaction	27	Splattered Cavities	1988	72655	9	1:54	0:57-1:00	"""Pelvic insides now rest in your perineum"""	"""8 8 8 8 4 4r 8r 8 8 8 8 8 2"""	N/A	https://open.spotify.com/track/3o9vRPTxlKxbtK3NTEvJWl?si=f810a1d3c685491d	excerpts_audio/EXCE-013.mp3	6/3/2025
EXCE-014	Growling	Carcass	Reek of Putrefaction	27	Pungent Excruciation	1988	66862	9	2:31	1:29-1:32	"""As the clotted parasites devour the excretion"""	"""8 8 8 8 8 8 8 8 8 8 8 8 8 8"""	N/A	https://open.spotify.com/track/2uYPE5iRK98s15ubsx9CR6?si=4d7a7798674a4c93	excerpts_audio/EXCE-014.mp3	6/3/2025
EXCE-015	Growling	Carcass	Reek of Putrefaction	27	Malignant Defecation	1988	75706	9	2:15	1:12-1:15	"""Waiting dormantly, it knows you're easy prey"""	"""8 8 16 16 16 16 16 16 16 16 4"""	N/A	https://open.spotify.com/track/6ZKUE9jsLoaZ0fWnGjgBfi?si=a972346fdfdc4c9e	excerpts_audio/EXCE-015.mp3	6/3/2025
EXCE-016	Growling	Carcass	Symphonies of Sickness	28	Crepitating Bowel Erosion	1989	161136	12	5:28	2:19-2:24	"""Munch the mouldy scabs, lick the septic gash"""	""""""	N/A	https://open.spotify.com/track/071DyvJmbN1A7AaI4Fsq8C?si=542d7dc24eb147dc	excerpts_audio/EXCE-016.mp3	6/3/2025
EXCE-017	Growling	Carcass	Symphonies of Sickness	28	Cadaveric Incubator of Endoparasites	1989	173277	13	3:23	1:37-1:40	"""Come and take a bite"""	""""""	N/A	https://open.spotify.com/track/4ly3gj3P7cFot8NzUqb7Vv?si=08a00c6ddcbf4add	excerpts_audio/EXCE-017.mp3	6/3/2025
EXCE-018	Growling	Carcass	Symphonies of Sickness	28	Slash Dementia	1989	114173	14	3:23	1:34-1:39	"""Skewering eye-orbits, brain, genitals and organs I grind"""	""""""	N/A	https://open.spotify.com/track/0wPFkTHQKj1QhiCQHL8IfY?si=744fa64f90e54bfb	excerpts_audio/EXCE-018.mp3	6/3/2025
EXCE-019	Growling	Dying Fetus	Killing on Adrenaline	20	We Are Your Enemy	2022	349229	14	3:45	2:50-2:54	"""let's spread the wealth among us"""	""""""	N/A	https://open.spotify.com/track/5u5KnppZeVxMnfmXfQj25v?si=79e3cba52f3b42b4	excerpts_audio/EXCE-019.mp3	19/3/2025
EXCE-020	Growling	Dying Fetus	Killing on Adrenaline	20	Absolute Defiance	2022	282879	14	3:53	2:06-2:09	"""with puppet strings, and faking lies"""	""""""	N/A	https://open.spotify.com/track/2EtygVTPIE3ZgWxd8vLcnL?si=9272dc6da0504505	excerpts_audio/EXCE-020.mp3	19/3/2025
EXCE-021	Growling	Dying Fetus	Killing on Adrenaline	20	Judgement Day	2022	484210	14	1:50	0:26-0:30	"""Will you stand or will you fall"""	""""""	N/A	https://open.spotify.com/track/4pt5h5wmoDYEik0Y4WuwP1?si=fcbfa6bf71034e98	excerpts_audio/EXCE-021.mp3	19/3/2025
EXCE-022	Growling	Dying Fetus	War of Attrition	25	The Ancient Rivalry	2007	143799	15	3:41	2:11-2:14	"""Fighting a war, that cannot be won"""	""""""	N/A	https://open.spotify.com/track/4clcZUY6PDQQIi8wmr6xI7?si=995579b1921b44ee	excerpts_audio/EXCE-022.mp3	19/3/2025
EXCE-023	Growling	Dying Fetus	War of Attrition	25	Parasites of Catastrophe	2007	134607	16	4:12	1:39-1:43	"""VULGAR DISPLAY OF RUTHLESSNESS"""	""""""	N/A	https://open.spotify.com/track/0EJUttSi3wLUNFCn1yL9gW?si=56778ee078244cbc	excerpts_audio/EXCE-023.mp3	19/3/2025
EXCE-024	Growling	Dying Fetus	War of Attrition	25	Obsolete Deterrence	2007	130603	16	4:13	3:09-3:12	"""that no god even cares for"""	""""""	N/A	https://open.spotify.com/track/7ELboZ6lccNKDQmennEebW?si=779e6d76d6494e33	excerpts_audio/EXCE-024.mp3	19/3/2025
EXCE-025	Growling	The Faceless	In Becoming a Ghost	22	The Terminal Breath	2017	392254	14	4:58	1:50-1:56	"""I call upon oblivion"""	""""""	N/A	https://open.spotify.com/track/2i1qlHAGMaN13sY4Glz9mj?si=a46a5ed4e38143bd	excerpts_audio/EXCE-025.mp3	19/3/2025
EXCE-026	Growling	The Faceless	In Becoming a Ghost	22	I am	2017	547996	17	5:56	1:03-1:08	"""And all the enveloping endless sadness"""	""""""	N/A	https://open.spotify.com/track/0kmuM7s8OlhO6GwRNW18v3?si=9a2acd18e5144ec7	excerpts_audio/EXCE-026.mp3	19/3/2025
EXCE-027	Growling	The Faceless	In Becoming a Ghost	22	Shake The Disease	2017	803265	18	5:42	2:46-2:50	"""In spirit I'll be there"""	""""""	N/A	https://open.spotify.com/track/3on849PTtZHU52UQAUl7MH?si=6d83f572b6594184	excerpts_audio/EXCE-027.mp3	19/3/2025
EXCE-028	Growling	Incantation	Decimate Christendom	4	Horns of Eradication	2004	6845	1	5:19	2:28-2:35	"""Certain it will come"""	""""""	N/A	https://open.spotify.com/track/3gAvWFt92ZoJd5U7YzvQK6?si=3ae273ac1f3f4111	excerpts_audio/EXCE-028.mp3	16/3/2025
EXCE-029	Growling	Incantation	Decimate Christendom	4	Feeble Existence	2004	5017	1	3:48	2:17-2:23	"""Upon thy servants Leaving no trace"""	""""""	N/A	https://open.spotify.com/track/6xdKdVHQ9MyVUXzVwQUyMX?si=8cfbe4a0b75645b0	excerpts_audio/EXCE-029.mp3	16/3/2025
EXCE-030	Growling	Incantation	Decimate Christendom	4	Thorns Of Everlasting Persecution	2004	5873	1	6:34	2:36-2:40	"""Crumbled sanctuaries"""	""""""	N/A	https://open.spotify.com/track/0alX5GJxSZj1AR9i9lVbe4?si=2dd8147ae4cb4931	excerpts_audio/EXCE-030.mp3	16/3/2025
EXCE-031	Growling	Incantation	Primordial Domination	6	Extirpated Dominus	2006	10987	2	5:05	2:27-2:31	"""I ascend the throne"""	""""""	N/A	https://open.spotify.com/track/6CUdkXGqlChp7M2PwvClLx?si=54d061a76f7341c6	excerpts_audio/EXCE-031.mp3	16/3/2025
EXCE-032	Growling	Incantation	Primordial Domination	6	Conquered God	2006	10400	2	6:09	2:34-2:42	"""Only to arise and prevail"""	""""""	N/A	https://open.spotify.com/track/7o9ZjjvoYuumC3XOJfmxaF?si=7920bb8373cc4f55	excerpts_audio/EXCE-032.mp3	16/3/2025
EXCE-033	Growling	Incantation	Primordial Domination	6	Lead to Desolation	2006	16566	3	3:50	1:03-1:10	"""The son of man"""	""""""	N/A	https://open.spotify.com/track/40CHJhLXBZtqhhFWsl18g2?si=77800c0805ee4d55	excerpts_audio/EXCE-033.mp3	16/3/2025
EXCE-034	Growling	Incantation	Vanquish in Vengeance	8	From Hollow Sands	2012	17989	3	3:08	2:06-2:09	"""We are your disease"""	""""""	N/A	https://open.spotify.com/track/3aiA8G6EjsUg9PkjPTVqAC?si=1473b9b1bb774df2	excerpts_audio/EXCE-034.mp3	16/3/2025
EXCE-035	Growling	Incantation	Vanquish in Vengeance	8	Haruspex	2012	24857	4	3:56	1:17-1:23	"""the fleshy confines of humanity"""	""""""	N/A	https://open.spotify.com/track/1f9NE24Wg5Betmu2qyYPvr?si=e0692c6ed52f4c28	excerpts_audio/EXCE-035.mp3	16/3/2025
EXCE-036	Growling	Incantation	Vanquish in Vengeance	8	Profound Loathing	2012	22304	4	8:01	6:33-6:37	"""A terroristic holocaust"""	""""""	N/A	https://open.spotify.com/track/3CVcwfrKugrL5NPsuTPZiW?si=21c2e2df30a047e1	excerpts_audio/EXCE-036.mp3	16/3/2025
EXCE-037	Growling	Morbid Angel	Abominations of Desolation	17	Abominations	1991	63524	10	4:19	2:51-2:54	"""Bow down before the master"""	""""""	N/A	https://open.spotify.com/track/6ZsmeNVxrow8hWlU5m4t0H?si=0ce19b5a80974ea7	excerpts_audio/EXCE-037.mp3	16/3/2025
EXCE-038	Growling	Morbid Angel	Abominations of Desolation	17	The Gate / Lord of All Fevers	1991	77074	11	5:54	1:51-1:53	"""Praise the ripping sky"""	""""""	N/A	https://open.spotify.com/track/4n8Tm8EXXzfMsxGYUrdBvG?si=9d03edb5f2a245c5	excerpts_audio/EXCE-038.mp3	16/3/2025
EXCE-039	Growling	Morbid Angel	Abominations of Desolation	17	Hell Spawn	1991	76662	11	2:32	2:10-2:13	"""I am the Hell spawn"""	""""""	N/A	https://open.spotify.com/track/0YbHQbAn6clvLbPH1HRcFM?si=b565822d68f84678	excerpts_audio/EXCE-039.mp3	16/3/2025
EXCE-040	Growling	Morbid Angel	Heretic	24	Stricken Arise	2003	150308	15	4:10	3:53-3:57	"""Thriving in their Hate"""	""""""	N/A	https://open.spotify.com/track/3e6Y5sobRRDlwLPggy76mV?si=1be194f24b1f4788	excerpts_audio/EXCE-040.mp3	16/3/2025
EXCE-041	Growling	Morbid Angel	Heretic	24	Within Thy Enemy	2003	90190	12	3:17	1:05-1:09	"""From within this seething comes"""	""""""	N/A	https://open.spotify.com/track/1E7clOgN5A82cGYXvubajR?si=24e1d2b0e15b4a4d	excerpts_audio/EXCE-041.mp3	16/3/2025
EXCE-042	Growling	Morbid Angel	Heretic	24	God Of Our Own Divinity	2003	112616	13	6:21	4:43-4:46	"""Break apart thiss rusty chains"""	""""""	N/A	https://open.spotify.com/track/5LJ0OlmgSIXNVyMQTeij3f?si=986765c9384d46d0	excerpts_audio/EXCE-042.mp3	16/3/2025
EXCE-043	Growling	Morbid Angel	Kingdoms Disdained	25	From the Hand of Kings	2017	216890	14	4:02	3:05-3:10	"""Empires and nations fall"""	""""""	N/A	https://open.spotify.com/track/1Nsh8M0Pck7u4Y3mAwRbjk?si=46693f6caf1149b3	excerpts_audio/EXCE-043.mp3	16/3/2025
EXCE-044	Growling	Morbid Angel	Kingdoms Disdained	25	The Fall of Idols	2017	201836	14	4:48	2:46-2:49	"""You swore to be the shelter"""	""""""	N/A	https://open.spotify.com/track/7pOfkJuCyoPabkVEk76Gdv?si=008bf6e70b6c439b	excerpts_audio/EXCE-044.mp3	16/3/2025
EXCE-045	Growling	Morbid Angel	Kingdoms Disdained	25	For No Master	2017	266232	15	3:28	3:03-3:07	"""No prayer will yield our cleansing"""	""""""	N/A	https://open.spotify.com/track/2tJpi9hWvUaia3S2xlalcX?si=f1adf1daaa90451e	excerpts_audio/EXCE-045.mp3	16/3/2025
EXCE-046	Screaming	Suicide Silence	Suicide Silence	24	Don't Be Careful You Might Hurt Yourself	2017	370166	13	4:20	2:37-2:41	"""Let time stand still"""	""""""	N/A	https://open.spotify.com/track/0pik84o7400PdotrJxzFbT?si=68ddbd4516c74b2b	excerpts_audio/EXCE-046.mp3	16/3/2025
EXCE-047	Screaming	Suicide Silence	Suicide Silence	24	Run	2017	387317	14	4:25	3:41-3:46	"""Don't fucking run"""	""""""	N/A	https://open.spotify.com/track/6J2Yi426GriycUxtOzz0GW?si=9366256b682f42d9	excerpts_audio/EXCE-047.mp3	16/3/2025
EXCE-048	Screaming	Suicide Silence	Suicide Silence	24	"Hold Me up, Hold Me Down"	2017	568557	15	5:18	0:58-1:03	"""Laughter is music to me"""	""""""	N/A	https://open.spotify.com/track/0ALEU5TLR2FANldWTpEgrv?si=3e45b1820b384d5c	excerpts_audio/EXCE-048.mp3	16/3/2025
EXCE-049	Screaming	Suicide Silence	No Time to Bleed	44	Your Creations	2009	1275056	28	3:59	2:29-2:32	"""Predators to prey"""	""""""	N/A	https://open.spotify.com/track/34Hhxk8vtVXDcdCJh0MEN8?si=e5f8617c5f91401f	excerpts_audio/EXCE-049.mp3	16/3/2025
EXCE-050	Screaming	Suicide Silence	No Time to Bleed	44	Something Invisible	2009	1629500	29	2:57	1:13-1:17	"""something fucking invisible"""	""""""	N/A	https://open.spotify.com/track/3Tsd3rMdsAtihHomXlaBzd?si=bb1508056c8f438d	excerpts_audio/EXCE-050.mp3	16/3/2025
EXCE-051	Screaming	Suicide Silence	No Time to Bleed	44	Suffer	2009	1598871	30	3:55	2:16-2:20	"""And we'll continue to crush"""	""""""	N/A	https://open.spotify.com/track/0YRGI02tjctwXgIE9w02ys?si=2a57727fa6ec41dc	excerpts_audio/EXCE-051.mp3	16/3/2025
EXCE-052	Screaming	Suicide Silence	The Black Crown	49	Cancerous Skies	2012	1573164	27	3:14	2:23-2:27	"""it's tearing up my eyes"""	""""""	N/A	https://open.spotify.com/track/00YNI6Dix0wGj5iGPswrZr?si=2d1ee19492204d86	excerpts_audio/EXCE-052.mp3	16/3/2025
EXCE-053	Screaming	Suicide Silence	The Black Crown	49	Smashed	2012	2178704	30	3:06	1:50-1:54	"""every grain of sand, I'll take it back"""	""""""	N/A	https://open.spotify.com/track/2ktZKla8jpoQVYPxDMuDKM?si=b0fe81aeb9c741d9	excerpts_audio/EXCE-053.mp3	16/3/2025
EXCE-054	Screaming	Suicide Silence	The Black Crown	49	Cross-Eyed Catastrophe	2012	2022297	29	3:25	0:55-0:59	"""This is what happens when you open that door"""	""""""	N/A	https://open.spotify.com/track/70Ln0FAfZNxNJFr1WZqEqM?si=e2587435de0b4573	excerpts_audio/EXCE-054.mp3	16/3/2025
EXCE-055	Clean	Avenged Sevenfold	The Stage	49	Simulation	2016	10852194	36	5:30	2:32-2:38	"""I've questioned all the voices in my head"""	"""1 8 4. 4. 4. 8 4. 4. 4. 1"""	"""a g# g# g# g# g g g gf#"""	https://open.spotify.com/track/6Rvy686uW4eJPHVCpQoV1G?si=d064c5d88e314f36	excerpts_audio/EXCE-055.mp3	19/3/2025
EXCE-056	Clean	Avenged Sevenfold	The Stage	49	Higher	2016	13066347	37	6:28	5:32-5:36	"""Meet you in the stars tonight"""	"""4 8 4. 4 4 8 4."""	"""A B c A f e e"""	https://open.spotify.com/track/1Zsbwp2D3RUm1gqO5zDEQ6?si=7ee39f033e37425c	excerpts_audio/EXCE-056.mp3	19/3/2025
EXCE-057	Clean	Avenged Sevenfold	The Stage	49	Femi Paradox	2016	11116434	37	6:30	2:55-3:00	"""Heaven works on borrowed time"""	"""4 8 4. 4. 4. 4. 4. """	"""A A A A B c e"""	https://open.spotify.com/track/1rTug7mBtZg0rvG94JJaZj?si=648beacb611a4dc0	excerpts_audio/EXCE-057.mp3	19/3/2025
EXCE-058	Screaming	Avenged Sevenfold	Sounding The Seventh Trumpet	51	Breaking Their Hold	2002	2424674	36	1:11	0:41-0:44	"""To keep you down behind your back"""	""""""	N/A	https://open.spotify.com/track/5MyoidtsejjnjTcwXPXBlo?si=a90f8653fbda4368	excerpts_audio/EXCE-058.mp3	19/3/2025
EXCE-059	Screaming	Avenged Sevenfold	Sounding The Seventh Trumpet	51	Forgotten Faces	2002	2703045	36	3:26	1:13-1:17	"""Ninety percent, nothing was done"""	""""""	N/A	https://open.spotify.com/track/4ZnhD57uwrP2935k2ziLvi?si=dba085a10a9249bb	excerpts_audio/EXCE-059.mp3	19/3/2025
EXCE-060	Screaming	Avenged Sevenfold	Sounding The Seventh Trumpet	51	Thin and Thin	2002	2904834	36	4:15	1:31-1:33	"""I'll be there for you"""	""""""	N/A	https://open.spotify.com/track/5ZOPIDzkfKfLHnqXvOmVlf?si=96d90599cd6a4eaf	excerpts_audio/EXCE-060.mp3	19/3/2025
EXCE-061	Clean	Avenged Sevenfold	Life Is But a Dream‡	58	Easier	2023	5269400	45	3:37	1:05-1:10	"""Bound to the flesh 'till the day I die"""	""""""	"""A- A- A- A- E- A c c c B"""	https://open.spotify.com/track/6qXVuEYcL6M4Yc1zyY5F8D?si=e8196adc30844c6e	excerpts_audio/EXCE-061.mp3	19/3/2025
EXCE-062	Clean	Avenged Sevenfold	Life Is But a Dream‡	58	G	2023	5865159	46	3:37	1:15-1:18	"""Thought about a name that came to me"""	""""""	"""e e e e f# f# g g f#"""	https://open.spotify.com/track/3hpB5SlyESKXrmc6NUNQhd?si=ee0aa92aac0a4a67	excerpts_audio/EXCE-062.mp3	19/3/2025
EXCE-063	Clean	Avenged Sevenfold	Life Is But a Dream‡	58	(D)eath	2023	5861377	47	3:19	0:53-0:58	"""And leave it on the fireplace"""	""""""	"""G e d c B B E G"""	https://open.spotify.com/track/1CuHu4a51IOR4LXjB5jObB?si=9843176fe56c48b5	excerpts_audio/EXCE-063.mp3	19/3/2025
EXCE-064	Screaming	Architects	Nightmares	24	A Portrait for the Deceased	2006	196966	18	4:23	2:27-2:30	"""Then come and drown with me"""	""""""	N/A	https://open.spotify.com/track/5PduwkX8b8xBnysdh1VOIt?si=f37cf8f583944457	excerpts_audio/EXCE-064.mp3	19/3/2025
EXCE-065	Screaming	Architects	Nightmares	24	The Darkest Tomb	2006	259292	18	3:42	1:26-1:30	"""I know you won't miss"""	""""""	N/A	https://open.spotify.com/track/69J5plrJXVtwAqYEY1eBfc?si=ae579f05c31f44e9	excerpts_audio/EXCE-065.mp3	19/3/2025
EXCE-066	Screaming	Architects	Nightmares	24	They'll be Hanging Us Tonight	2006	240127	19	3:31	1:12-1:15	"""They're gaining on us"""	""""""	N/A	https://open.spotify.com/track/2PwBaePtbJ3YPVdDZU8C0M?si=ef334286b4d64806	excerpts_audio/EXCE-066.mp3	19/3/2025
EXCE-067	Screaming	Architects	Ruin	25	Save me	2007	282130	17	4:27	2:21-2:26	"""hands around my fucking neck"""	""""""	N/A	https://open.spotify.com/track/4OcGoMEswyzR8s9ZJjDMPX?si=4ec9c1ce038542bb	excerpts_audio/EXCE-067.mp3	19/3/2025
EXCE-068	Screaming	Architects	Ruin	25	I Can't See the Light	2007	274811	17	4:23	1:39-1:42	"""to let you back in"""	""""""	N/A	https://open.spotify.com/track/1wFbhX7yT3K5ciWs6ymy4V?si=dacec864a6df40b3	excerpts_audio/EXCE-068.mp3	19/3/2025
EXCE-069	Screaming	Architects	Ruin	25	Low	2007	294465	17	2:23	1:42-1:47	"""But you're so far away now"""	""""""	N/A	https://open.spotify.com/track/6UcoRtkw8JmhOaY8E5vRiM?si=6090dda273664395	excerpts_audio/EXCE-069.mp3	19/3/2025
EXCE-070	Screaming	Architects	The Here and Now	37	The Blues	2012	1159138	26	3:16	0:31-0:35	"""I've had to work for everything"""	""""""	N/A	https://open.spotify.com/track/6O2Za3RsMMm2KUMtREiW8H?si=3bc5519637c44f83	excerpts_audio/EXCE-070.mp3	19/3/2025
EXCE-071	Screaming	Architects	The Here and Now	37	Stay Young Forever	2012	1083511	26	3:02	1:05-1:09	"""Is there any point to this?"""	""""""	N/A	https://open.spotify.com/track/7AjP5utWoSzF5S4NpMHcEz?si=c12afaf6eb8b49d7	excerpts_audio/EXCE-071.mp3	19/3/2025
EXCE-072	Screaming	Architects	The Here and Now	37	Year in Year Out/Up and Away	2012	1049614	26	7:27	3:54-3:59	"""Live everyday like your last"""	""""""	N/A	https://open.spotify.com/track/4N4pBQtZ9tjHjbb6uxQHW0?si=87a92f09968442b0	excerpts_audio/EXCE-072.mp3	19/3/2025
EXCE-073	Screaming	Cradle of Filth	The Screaming Of The Valkyries	18	Malignant Perfection	2025	960194	10	6:45	5:15-5:19	"""Temple praise the brazen goddess"""	""""""	N/A	https://open.spotify.com/track/0IJywnWQz1lwAFg4IeXgHG?si=9b8fa8b2d3194d6e	excerpts_audio/EXCE-073.mp3	22/3/2025
EXCE-074	Screaming	Cradle of Filth	The Screaming Of The Valkyries	18	White Hellebore	2025	223978	13	5:04	2:49-2:51	"""The bittersweet necrosis"""	""""""	N/A	https://open.spotify.com/track/1hR75TMqPASQtbtsdh8ZXq?si=6672c6389d744071	excerpts_audio/EXCE-074.mp3	22/3/2025
EXCE-075	Screaming	Cradle of Filth	The Principle Of Evil Made Flesh	20	A Crescendo Of Passion Bleeding	2012	279185	11	5:30	2:09-2:12	"""I will rule as a king"""	""""""	N/A	https://open.spotify.com/track/7DBbEM3oC1ImIOpYl4PWsT?si=418e7fafd60942af	excerpts_audio/EXCE-075.mp3	22/3/2025
EXCE-076	Screaming	Cradle of Filth	The Principle Of Evil Made Flesh	20	Summer Dying Fast	2012	337301	12	5:39	2:05-2:07	"""Will they know of majesty"""	""""""	N/A	https://open.spotify.com/track/64WyXSBeo3bnvu0eQRHOWd?si=a23d8a5aad66404d	excerpts_audio/EXCE-076.mp3	22/3/2025
EXCE-077	Screaming	Cradle of Filth	The Principle Of Evil Made Flesh	20	Of Mist And Midnight Skies	2012	330436	12	8:09	7:13-7:15	"""We will ride again"""	""""""	N/A	https://open.spotify.com/track/2xzzRkeyj6k1dRHscD1t8i?si=72ad8e6461034442	excerpts_audio/EXCE-077.mp3	22/3/2025
EXCE-078	Screaming	Cradle of Filth	Thornography	26	Foetus Of A New Day Kicking	2006	2456287	13	3:43	1:42-1:44	"""A poison rush, a heart attack"""	""""""	N/A	https://open.spotify.com/track/7B4cLdJHXgbZJMRwGun2lS?si=d6c8882df89c427e	excerpts_audio/EXCE-078.mp3	22/3/2025
EXCE-079	Screaming	Cradle of Filth	Thornography	26	Lovesick for Mina	2006	553564	17	7:00	3:20-3:25	"""My words alight like leaves of sin"""	""""""	N/A	https://open.spotify.com/track/6NA9XsV1pzeW2QqPn8pi4g?si=7192bf27edb94cbf	excerpts_audio/EXCE-079.mp3	22/3/2025
EXCE-080	Screaming	Cradle of Filth	Thornography	26	Libertina Grimm	2006	632870	18	5:51	4:32-4:34	"""She amputates to fit the shoe"""	""""""	N/A	https://open.spotify.com/track/3hFv6Z14cs5oE5Ud3lv5xp?si=9fc94f4e3eb942cd	excerpts_audio/EXCE-080.mp3	22/3/2025
EXCE-081	Screaming	Cradle of Filth	Thornography	26	I Am the Thorn	2006	655581	18	7:06	2:47-2:49	"""Of Judas in the dozens"""	""""""	N/A	https://open.spotify.com/track/2PGEx40QtBqtKqBziHMYVA?si=bb4583ece50e4828	excerpts_audio/EXCE-081.mp3	22/3/2025
EXCE-082	Screaming	Chelsea Grin	Self Inflicted	30	Welcome Back	2016	1419090	19	2:59	1:05-1:07	"""I haven't found the cure"""	""""""	N/A	https://open.spotify.com/track/2DNTAwogfsz1bajqc9tiWZ?si=1356aba1556e4888	excerpts_audio/EXCE-082.mp3	22/3/2025
EXCE-083	Screaming	Chelsea Grin	Self Inflicted	30	Life Sentence	2016	1072230	19	3:12	2:50-2:53	"""my body lays dead"""	""""""	N/A	https://open.spotify.com/track/3DuKLaQzBjrOBwrbxrntd2?si=440e9069455c491f	excerpts_audio/EXCE-083.mp3	22/3/2025
EXCE-084	Screaming	Chelsea Grin	Self Inflicted	30	Strung Out	2016	1294294	20	3:26	2:16-2:20	"""Making my heart soon burst"""	""""""	N/A	https://open.spotify.com/track/1LluFB0N9wjZcVbbyA4ExT?si=57a6bb32d3e34b21	excerpts_audio/EXCE-084.mp3	22/3/2025
EXCE-085	Screaming	Chelsea Grin	My Damnation	33	Last Breath	2011	879146	23	3:56	2:55-2:59	"""I have not seen you smile"""	""""""	N/A	https://open.spotify.com/track/7BaQ2fdQbmSXDVwAkbSHJw?si=82beb8a2766a4923	excerpts_audio/EXCE-085.mp3	22/3/2025
EXCE-086	Screaming	Chelsea Grin	My Damnation	33	Cursed	2011	815301	23	3:23	1:46-1:49	"""May the fallen rise"""	""""""	N/A	https://open.spotify.com/track/6epzo4WhSnFZTQ1yZbuOh7?si=b26d01e3dd1842b4	excerpts_audio/EXCE-086.mp3	22/3/2025
EXCE-087	Screaming	Chelsea Grin	My Damnation	33	Behind A Veil Of Lies	2011	858624	23	3:23	1:56-1:58	"""I can't seek help from angels"""	""""""	N/A	https://open.spotify.com/track/292riyQNWjqZtY3uNlxAsx?si=6ab964aa505846d1	excerpts_audio/EXCE-087.mp3	22/3/2025
EXCE-088	Growling	Chelsea Grin	Suffer in Hell	37	Flood Lungs	2022	755448	27	3:21	1:04-1:08	"""A single light among the void"""	""""""	N/A	https://open.spotify.com/track/5DeFJ230Wbr1Dk4NHlXkGS?si=36ce4a757d484a9a	excerpts_audio/EXCE-088.mp3	22/3/2025
EXCE-089	Screaming	Chelsea Grin	Suffer in Hell	37	Mourning Hymn	2022	762044	28	3:38	1:44-1:46	"""Cast into unknown"""	""""""	N/A	https://open.spotify.com/track/6xikYfhXuak7z2pK0aNaJO?si=f498ce5d07ec4c29	excerpts_audio/EXCE-089.mp3	22/3/2025
EXCE-090	Screaming	Chelsea Grin	Suffer in Hell	37	Deathbed Companion	2022	773544	32	3:51	1:49-1:51	"""It will come to surface"""	""""""	N/A	https://open.spotify.com/track/5ykQnFDr2PjKKnEM9sVlP5?si=abe0e9cb628c42dd	excerpts_audio/EXCE-090.mp3	22/3/2025
EXCE-091	Clean	Trivium	Ember to Inferno: Ab Initio	31	Thrust - Ruber	2016	401029	16	5:38	2:02-2:06	"""You watch bodies rot in your seas"""	""""""	"""A A A A d d d d"""	https://open.spotify.com/track/7sLv471nu3bAxqC0wA54R2?si=dcdc104333e34bc7	excerpts_audio/EXCE-091.mp3	22/3/2025
EXCE-092	Clean	Trivium	Ember to Inferno: Ab Initio	31	Fugue - Caeruleus	2016	384619	17	4:29	2:25-2:30	"""As this dream comes to its grim end"""	""""""	"""B B B c A A c B"""	https://open.spotify.com/track/5vNWYsZ1gOXYaCTi58S0fS?si=e9df86c30c004607	excerpts_audio/EXCE-092.mp3	22/3/2025
EXCE-093	Clean	Trivium	Ember to Inferno: Ab Initio	31	The Deceived - Flavus	2016	423655	19	5:48	2:01-2:07	"""Tell that the promised have been failed"""	""""""	"""d d d e B B B c#"""	https://open.spotify.com/track/72iMpZX8sUkchJaRanWm5U?si=5b1db4386d7f4222	excerpts_audio/EXCE-093.mp3	22/3/2025
EXCE-094	Clean	Trivium	In Waves	38	Of All These Yesterdays	2011	3973370	26	4:21	2:46-2:50	"""And dream of the color red"""	""""""	"""e e- c c c c d-"""	https://open.spotify.com/track/7xFNih0tNZYBdGyeeX4KsO?si=ac0f5d1a206f4513	excerpts_audio/EXCE-094.mp3	22/3/2025
EXCE-095	Clean	Trivium	In Waves	38	Forsake Not the Dream	2011	5829797	27	5:20	4:15-4:19	"""Through the world, I feel I'm falling"""	""""""	"""e d# c# B A G# e d#"""	https://open.spotify.com/track/46WFkRUFWb4a49F6pRE2cx?si=8b0d4b5fd18d4482	excerpts_audio/EXCE-095.mp3	22/3/2025
EXCE-096	Clean	Trivium	In Waves	38	Caustic Are the Ties That Bind	2011	5219688	27	5:34	3:37-3:40	"""A whispered, draining plea"""	""""""	"""F c c c d- c B- A-"""	https://open.spotify.com/track/7pbNUemCDG0MWFbHugwnEM?si=b9a52514fa8f4f7c	excerpts_audio/EXCE-096.mp3	22/3/2025
EXCE-097	Clean	Trivium	Shogun	38	He Who Spawned the Furies	2008	3357731	38	4:07	1:59-2:03	"""what is eating me"""	""""""	"""a- g g f e- f g"""	https://open.spotify.com/track/2M8wXkIciPmJysT8P4tuFw?si=4f268a7bd62f4dad	excerpts_audio/EXCE-097.mp3	22/3/2025
EXCE-098	Clean	Trivium	Shogun	38	The Calamity	2008	4008440	28	4:58	2:19-2:24	"""The calamity makes its way to the inside"""	""""""	"""G A B- c d c B- B- A B- e- e- d e- d"""	https://open.spotify.com/track/6cWYNtqTnUFDCDtyJhrzVM?si=d34f7b33d27d4782	excerpts_audio/EXCE-098.mp3	22/3/2025
EXCE-099	Clean	Trivium	Shogun	38	Of Prometheus and the Crucifix	2008	4252474	28	4:40	3:26-3:29	"""It's the cross I bear"""	""""""	"""c# e f a- g-"""	https://open.spotify.com/track/2Cvk1G8nHMNOxbzj39dQNj?si=7599e96706f44883	excerpts_audio/EXCE-099.mp3	22/3/2025
EXCE-100	Clean	Killswitch Engage	Disarm the Descent	36	The Call	2013	3912961	25	2:50	1:27-1:30	"""Leave behind this shell of flesh"""	"""4 8 4. 4 4 8 4."""	"""a- a- g a- g e- f"""	https://open.spotify.com/track/139UKeDRlEURNgiU8Xjo7d?si=ee89dc7332a24553	excerpts_audio/EXCE-100.mp3	22/3/2025
EXCE-101	Clean	Killswitch Engage	Disarm the Descent	36	All We Have	2013	5881452	26	3:20	1:47-1:50	"""Are you willing to just let it go?"""	"""8 8 8 8 8 4 8 8 4"""	"""c c g g a- g f e- g"""	https://open.spotify.com/track/4UIppBserVI22a6cL0lJW0?si=c9a5204ec5734dce	excerpts_audio/EXCE-101.mp3	22/3/2025
EXCE-102	Screaming	Killswitch Engage	Disarm the Descent	36	Time Will Not Remain	2013	4323231	26	3:13	2:47-2:50	"""These are the days"""	""""""	N/A	https://open.spotify.com/track/2V71gG62VV7BTAZTJx7wJb?si=d5a7fbd1ed744278	excerpts_audio/EXCE-102.mp3	22/3/2025
EXCE-103	Clean	Killswitch Engage	The End of Heartache	46	Hope Is...	2004	3282157	29	4:19	3:06-3:11	"""Hope is not lost"""	"""8 8 4 2"""	"""c g g f"""	https://open.spotify.com/track/1thI3Ygp64TyZW2XzrEOWd?si=6e328323fd304da1	excerpts_audio/EXCE-103.mp3	22/3/2025
EXCE-104	Clean	Killswitch Engage	The End of Heartache	46	Wasted Sacrifice	2004	3353498	29	4:18	2:05-2:09	"""Through change and purity"""	"""4 4 4 8 8 4"""	"""a- a- a- a- a- g"""	https://open.spotify.com/track/22kZ0PXCCWB3OkWTVsDwZL?si=1460bf9a05a84280	excerpts_audio/EXCE-104.mp3	22/3/2025
EXCE-105	Clean	Killswitch Engage	The End of Heartache	46	World Ablaze	2004	3855544	30	4:59	2:47-2:51	"""We alone remain"""	"""4. 4. 4. 8. 4."""	"""g g g g g"""	https://open.spotify.com/track/06Q6f0xBYaVn7uxc4RPp1o?si=ed5106e099e7496e	excerpts_audio/EXCE-105.mp3	22/3/2025
EXCE-106	Clean	Killswitch Engage	As Daylight Dies	39	Desperate Times	2007	5885757	27	4:25	3:38-3:42	"""I will find you"""	"""4 4 4 2."""	"""d B- c d"""	https://open.spotify.com/track/7FCjT6HbLGpumwQj10uCup?si=ee7f8651184546c4	excerpts_audio/EXCE-106.mp3	22/3/2025
EXCE-107	Clean	Killswitch Engage	As Daylight Dies	39	For You	2007	8283899	28	4:03	3:02-3:06	"""For all you've done"""	"""8 4. 4. 2."""	"""A- a- g f"""	https://open.spotify.com/track/3nKEShXOr902sQp5oP7XVO?si=86353709d7014707	excerpts_audio/EXCE-107.mp3	22/3/2025
EXCE-108	Clean	Killswitch Engage	As Daylight Dies	39	Still Beats Your Name	2007	8036395	28	3:19	2:44-2:48	"""Will I live another day?"""	"""8 8 4 4 4 8 4."""	"""B- e- f e- d B- c"""	https://open.spotify.com/track/69I6bw8HEZwHpQveSThANM?si=a14ef64165a04d4a	excerpts_audio/EXCE-108.mp3	22/3/2025
EXCE-109	Clean	Asking Alexandria	Asking Alexandria	40	Empire	2017	5660323	26	4:16	2:07-2:10	"""to just give up now I'm pushing on through"""	""""""	"""B d d d d c# B B A F3"""	https://open.spotify.com/track/1XebYjNOfI9GiaIvVVz615?si=482a0a345d8e46ad	excerpts_audio/EXCE-109.mp3	22/3/2025
EXCE-110	Clean	Asking Alexandria	Asking Alexandria	40	I am One	2017	7342024	28	3:32	1:45-1:48	"""I can't be left if I'm alone """	""""""	""""""	https://open.spotify.com/track/2I3ZEbreVvEIIoS767BFpM?si=d4fdc3ac7b5e4633	excerpts_audio/EXCE-110.mp3	22/3/2025
EXCE-111	Clean	Asking Alexandria	Asking Alexandria	40	Room 138	2017	7255905	28	3:44	2:34-2:37	"""How did you forgive me?"""	"""8 4. 8 4. 4 4"""	"""a g a g b a"""	https://open.spotify.com/track/0P4nUDGRUf7PjNSjLaoyam?si=b3fa0cfc45f74941	excerpts_audio/EXCE-111.mp3	22/3/2025
EXCE-112	Clean	Asking Alexandria	See What∆s On The Inside	47	Fame	2021	1805124	28	3:18	1:31-1:34	"""So you want sex?"""	""""""	"""a a a a g"""	https://open.spotify.com/track/4ywHcQOF65nDSQLGwImNcC?si=db625f4bdb57441c	excerpts_audio/EXCE-112.mp3	22/3/2025
EXCE-113	Clean	Asking Alexandria	See What∆s On The Inside	47	The Grey	2021	1997269	29	3:46	2:08-2:10	"""my vision is blurred"""	""""""	"""a g f e f"""	https://open.spotify.com/track/4e7SWtyR03JOQdhSfDtoEn?si=a053583921824e50	excerpts_audio/EXCE-113.mp3	22/3/2025
EXCE-114	Clean	Asking Alexandria	See What∆s On The Inside	47	Misery Loves Company	2021	2012643	30	4:03	1:01-1:05	"""Hearts don't have to break in our home"""	""""""	"""g f e- c e- g f f"""	https://open.spotify.com/track/6C91VysbX8GBwv88QFpFpO?si=baf8e6e6fc0f4ad0	excerpts_audio/EXCE-114.mp3	22/3/2025
EXCE-115	Clean	Asking Alexandria	Where Do We Go From Here?	50	Feel	2023	1479535	36	3:32	1:20-1:25	"""Everything you told me was a lie"""	"""8 8 8 8 8 8 8 8 4"""	"""g g f f e d d c e"""	https://open.spotify.com/track/3If5t8sD0bYzwCfMiDxkCZ?si=5b6038f9c4e24f1d	excerpts_audio/EXCE-115.mp3	22/3/2025
EXCE-116	Clean	Asking Alexandria	Where Do We Go From Here?	50	Holding On To Something More	2023	1429485	36	3:24	1:28-1:31	"""I hear the screams inside these walls"""	""""""	"""g f e- a- a- a- b- g f e-"""	https://open.spotify.com/track/1WpgwCWpMzfNyHFNled4Xn?si=76b938e7c97a4c0d	excerpts_audio/EXCE-116.mp3	22/3/2025
EXCE-117	Clean	Asking Alexandria	Where Do We Go From Here?	50	Let The Dead Take Me	2023	1846802	39	3:44	2:18-2:21	"""Cleanse my pain, let the blood run free"""	"""8 8 8 16 16 8 8 4"""	"""e- f g- e- e- g- f e-"""	https://open.spotify.com/track/2VG8O5SMVY2pndesJGCVub?si=702ecfa68dac4f99	excerpts_audio/EXCE-117.mp3	22/3/2025
EXCE-118	Clean	Metallica	St. Anger	47	My World	2003	6891809	32	5:45	3:53-3:58	"""like it only rains on me"""	""""""	""""""	https://open.spotify.com/track/0rVZ9iDQCmb2nyB8RvfAOv?si=5aa6bc8db5f4470d	excerpts_audio/EXCE-118.mp3	22/3/2025
EXCE-119	Clean	Metallica	St. Anger	47	Purify	2003	5873045	33	5:13	3:15-3:19	"""I ain't dancing with your skeletons"""	""""""	""""""	https://open.spotify.com/track/0HZpiUtrwCqKChQn0x6Bqy?si=4fca4a9d0231422a	excerpts_audio/EXCE-119.mp3	22/3/2025
EXCE-120	Clean	Metallica	St. Anger	47	All Within My Hands	2003	6366769	33	8:45	6:20-6:22	"""My air that you receive"""	""""""	""""""	https://open.spotify.com/track/2XDPSz4jo6FiOoRc7pfgm3?si=3a3ae4270fc34acf	excerpts_audio/EXCE-120.mp3	22/3/2025
EXCE-121	Clean	Metallica	Hardwired‡To Self-Destruct	52	ManUNkind	2016	18403395	33	6:55	5:14-5:18	"""Frozen captive by the nights"""	""""""	""""""	https://open.spotify.com/track/7FPfl1TIBufq9AIgDiiqMh?si=bbc2170e20604294	excerpts_audio/EXCE-121.mp3	22/3/2025
EXCE-122	Clean	Metallica	Hardwired‡To Self-Destruct	52	ManUNkind	2016	18073731	34	6:29	2:42-2:46	"""Ooooh Foul tongue, black breath"""	""""""	""""""	https://open.spotify.com/track/3LR0MLRmhiPpD15HDWc0uM?si=571f130d41a44529	excerpts_audio/EXCE-122.mp3	22/3/2025
EXCE-123	Clean	Metallica	Hardwired‡To Self-Destruct	52	Murder One	2016	20294834	35	5:45	3:29-3:33	"""Still hear your thunder"""	""""""	""""""	https://open.spotify.com/track/6bavz6DVogZ45tleQJxlv0?si=1339ad7a784e458c	excerpts_audio/EXCE-123.mp3	22/3/2025
EXCE-124	Clean	Metallica	72 Seasons	53	Crown of Barbed Wire	2023	10825119	40	5:49	4:32-4:36	"""This rusted empire I own"""	""""""	""""""	https://open.spotify.com/track/1FdinUvlpQj2nqbzuS7XRw?si=6fdcb91627994475	excerpts_audio/EXCE-124.mp3	22/3/2025
EXCE-125	Clean	Metallica	72 Seasons	53	Chasing Light	2023	10422079	40	6:45	4:15-4:18	"""turn so you won't see"""	""""""	""""""	https://open.spotify.com/track/5krkEca0E6k01D2CYvLuZx?si=7d20838c46a940da	excerpts_audio/EXCE-125.mp3	22/3/2025
EXCE-126	Clean	Metallica	72 Seasons	53	Room of Mirrors	2023	10256953	40	5:33	2:07-2:09	"""That fear of letting go"""	""""""	""""""	https://open.spotify.com/track/07gm9g5b2LF3XJfYPnsVsj?si=e3e6da376bbc4fa0	excerpts_audio/EXCE-126.mp3	22/3/2025
EXCE-127	Clean	Protest the Hero	Volition	31	Animal Bones	2013	1158002	19	4:37	3:09-3:13	"""Oh, the chemical reaction"""	""""""	""""""	https://open.spotify.com/track/5RmJ3OhT3h3JyUf9a0JbcK?si=e977001df06a4838	excerpts_audio/EXCE-127.mp3	22/3/2025
EXCE-128	Clean	Protest the Hero	Volition	31	A Life Embossed	2013	1347914	20	5:33	4:44-4:47	"""I'm proud of every pit bull"""	""""""	""""""	https://open.spotify.com/track/347MGAZ6Fd1BCPfvaO8JYq?si=d935679c53044c47	excerpts_audio/EXCE-128.mp3	22/3/2025
EXCE-129	Clean	Protest the Hero	Volition	31	Underbite	2013	1374534	20	3:45	1:25-1:28	"""An understanding between you and me"""	""""""	""""""	https://open.spotify.com/track/4BPjLkiKvn1POvdt82Vtog?si=7ce13fee04a4463e	excerpts_audio/EXCE-129.mp3	22/3/2025
EXCE-130	Clean	Protest the Hero	Scurrilous	31	Termites	2011	794536	21	3:56	1:12-1:16	"""with we wind he disappeared"""	""""""	""""""	https://open.spotify.com/track/31deI3OqaBfdt0RScUn0AL?si=fbecc62976e144f8	excerpts_audio/EXCE-130.mp3	22/3/2025
EXCE-131	Clean	Protest the Hero	Scurrilous	31	Tapestry	2011	1047606	22	4:33	3:10-3:13	"""Like a million other soldiers"""	""""""	""""""	https://open.spotify.com/track/2ZKBuySAoVfnzvt6x4NSPq?si=00523a8febfd438f	excerpts_audio/EXCE-131.mp3	22/3/2025
EXCE-132	Clean	Protest the Hero	Scurrilous	31	The Reign of Unending Terror	2011	814597	22	3:23	1:43-1:46	"""the reign that breaks the sky"""	""""""	""""""	https://open.spotify.com/track/4schkUgCqgU8gTEjDFI54K?si=0fa9d5c366364ab4	excerpts_audio/EXCE-132.mp3	22/3/2025
EXCE-133	Clean	Protest the Hero	Palimpsest	35	Rivet	2020	760069	25	5:35	3:26-3:29	"""Land of common sense"""	""""""	""""""	https://open.spotify.com/track/6CZHUMTwo5lwyszYARrVYy?si=8c34f17db9dd459c	excerpts_audio/EXCE-133.mp3	22/3/2025
EXCE-134	Clean	Protest the Hero	Palimpsest	35	Gardenias	2020	806186	26	4:57	4:19-4:23	"""And her short blonde hair"""	""""""	""""""	https://open.spotify.com/track/1lHWHBeiWUSM2SOYyPhYtw?si=5cba8d244600455b	excerpts_audio/EXCE-134.mp3	22/3/2025
EXCE-135	Clean	Protest the Hero	Palimpsest	35	Reverie	2020	959865	26	5:26	3:26-3:28	"""there's nowhere left to run"""	""""""	""""""	https://open.spotify.com/track/0waARLc0ja4NTwQoA6lkPK?si=cc57cb43fb20433e	excerpts_audio/EXCE-135.mp3	22/3/2025
EXCE-136	Growling	Whitechapel	A New Era Of Corruption	36	A Future Corrupt	2010	602149	24	2:57	2:28-2:33	"""the future of your dying earth"""	""""""	N/A	https://open.spotify.com/track/1kb8KjlSonW0Aej7Nhbi1S?si=cf39fc346f6941c3	excerpts_audio/EXCE-136.mp3	22/3/2025
EXCE-137	Growling	Whitechapel	A New Era Of Corruption	36	Single File to Dehumanization	2010	587604	24	4:43	2:51-2:55	"""I'm a slave to myself"""	""""""	N/A	https://open.spotify.com/track/5f7ZEkUnkTP4YUoTJc9tRO?si=438cc6d983984bb0	excerpts_audio/EXCE-137.mp3	22/3/2025
EXCE-138	Growling	Whitechapel	A New Era Of Corruption	36	Prayer of Mockery	2010	671134	25	3:35	1:24-1:27	"""My patience is wearing thin"""	""""""	N/A	https://open.spotify.com/track/025nPlmeJMmSIvX0yTxDS0?si=16cf27846f124b01	excerpts_audio/EXCE-138.mp3	22/3/2025
EXCE-139	Growling	Whitechapel	Whitechapel	38	Faces	2012	1274691	26	3:12	2:42-2:45	"""The faces of justice"""	""""""	N/A	https://open.spotify.com/track/6wLMHvBxc6okkERVTNg58l?si=40705a19df2a4001	excerpts_audio/EXCE-139.mp3	22/3/2025
EXCE-140	Growling	Whitechapel	Whitechapel	38	Dead Silence	2012	1132661	26	4:38	1:53-1:55	"""What's the point of these lies?"""	""""""	N/A	https://open.spotify.com/track/654k74BhxlD4C7VS45tppI?si=f4ea46c036aa4343	excerpts_audio/EXCE-140.mp3	22/3/2025
EXCE-141	Growling	Whitechapel	Whitechapel	38	The Night Remains	2012	1468047	29	2:58	2:04-2:07	"""Rid yourself and never return"""	""""""	N/A	https://open.spotify.com/track/0ZnJFnlxtkDR9LX79j9ef6?si=d2c8541eaae0467e	excerpts_audio/EXCE-141.mp3	22/3/2025
EXCE-142	Growling	Whitechapel	Somatic Defilement	39	Festering Fiesta	2007	688572	26	2:29	1:22-1:25	"""erection wearing thin"""	""""""	N/A	https://open.spotify.com/track/6rgPqaWgdRzwntwS0toKjk?si=adb74f8974a34744	excerpts_audio/EXCE-142.mp3	22/3/2025
EXCE-143	Growling	Whitechapel	Somatic Defilement	39	Articulo Mortis	2007	688092	27	4:04	1:09-1:16	"""I please myself once more"""	""""""	N/A	https://open.spotify.com/track/7qAvRM8ps4iECRsLLDs0G7?si=3f5af5ea00044b36	excerpts_audio/EXCE-143.mp3	22/3/2025
EXCE-144	Growling	Whitechapel	Somatic Defilement	39	Alone in the Morgue	2007	1126940	30	2:54	1:00-1:04	"""every feeling in my mind"""	""""""	N/A	https://open.spotify.com/track/6VByBaLGfBDTMwGHgBqFBE?si=5ad5e055f01040bd	excerpts_audio/EXCE-144.mp3	22/3/2025
EXCE-145	Growling	Job for a Cowboy	Ruination	28	To Detonate And Exterminate	2009	295175	17	3:22	1:28-1:31	"""A conflagration of  infernal horror"""	""""""	N/A	https://open.spotify.com/track/1wePEBd88JMMsaq82RRtUZ?si=c667d522e97b433e	excerpts_audio/EXCE-145.mp3	22/3/2025
EXCE-146	Growling	Job for a Cowboy	Ruination	28	Butchering The Enlightened	2009	334335	18	3:30	1:19-1:21	"""Striking their iron hammers"""	""""""	N/A	https://open.spotify.com/track/63GHSReGcgOqAVVLLI3wdO?si=b0aead146f0444d8	excerpts_audio/EXCE-146.mp3	22/3/2025
EXCE-147	Growling	Job for a Cowboy	Ruination	28	Lords Of Chaos	2009	359658	18	3:36	2:39-2:42	"""All damned at the dawning of life"""	""""""	N/A	https://open.spotify.com/track/4l6UtIGehMzMpp52zAUYZS?si=cdfa5ef247244476	excerpts_audio/EXCE-147.mp3	22/3/2025
EXCE-148	Growling	Job for a Cowboy	Genesis	31	Coalescing Prophecy	2008	361950	20	3:23	2:13-2:16	"""Have left behind the sign of the cross"""	""""""	N/A	https://open.spotify.com/track/7Ak0GDj0n1PBPp68q5ypQX?si=1d90fcc47be84632	excerpts_audio/EXCE-148.mp3	22/3/2025
EXCE-149	Growling	Job for a Cowboy	Genesis	31	Strings Of Hypocrisy	2008	482563	21	2:24	1:28-1:31	"""amongst this crumbling nation"""	""""""	N/A	https://open.spotify.com/track/48hLCIbvQO6GWIS8LHjKgA?si=3ae51ed4635748aa	excerpts_audio/EXCE-149.mp3	22/3/2025
EXCE-150	Growling	Job for a Cowboy	Genesis	31	Martyrdom Unsealed	2008	441565	22	2:35	1:39-1:44	"""Hundreds upon thousands now enslaved"""	""""""	N/A	https://open.spotify.com/track/01EuLz6YvpdSEf2DlqgN6d?si=95310450841f48e3	excerpts_audio/EXCE-150.mp3	22/3/2025
EXCE-151	Growling	Job for a Cowboy	Sun Eater	32	The Celestial Antidote	2014	547978	21	6:08	3:39-3:41	"""These divine elements"""	""""""	N/A	https://open.spotify.com/track/5YKhJZt6co7jCGba0umJ2P?si=a6affc66458545cb	excerpts_audio/EXCE-151.mp3	22/3/2025
EXCE-152	Growling	Job for a Cowboy	Sun Eater	32	Encircled by Mirrors	2014	533424	21	4:46	4:07-4:10	"""It's opening the gates"""	""""""	N/A	https://open.spotify.com/track/7dlp3CqBvQzV61UpEp53Ep?si=e2915e31d5874835	excerpts_audio/EXCE-152.mp3	22/3/2025
EXCE-153	Screaming	Job for a Cowboy	Sun Eater	32	Buried Monuments	2014	739027	24	4:56	2:56-2:59	"""The can see through the cracks"""	""""""	N/A	https://open.spotify.com/track/3tfgwTqvlMbc0rMdJyia3X?si=ba945826438b47d1	excerpts_audio/EXCE-153.mp3	22/3/2025
EXCE-154	Screaming	August Burns Red	Thrill Seeker	30	A Wish Full of Dreams	2005	550870	20	2:58	1:11-1:14	"""And restore the foundation"""	""""""	N/A	https://open.spotify.com/track/468AEcK9eARppC6DvvKpUd?si=f1ee2ef9990a4b2a	excerpts_audio/EXCE-154.mp3	22/3/2025
EXCE-155	Screaming	August Burns Red	Thrill Seeker	30	The Reflective Property	2005	593415	21	3:51	1:42-1:44	"""A brief wind is swept through"""	""""""	N/A	https://open.spotify.com/track/56rk4mOefkKd8kR8vnPx82?si=2d2e7191b9f54b08	excerpts_audio/EXCE-155.mp3	22/3/2025
EXCE-156	Screaming	August Burns Red	Thrill Seeker	30	Too Late for Roses	2005	738899	22	3:19	1:25-1:27	"""To soften her descent"""	""""""	N/A	https://open.spotify.com/track/6GnEpiZKfuK2Rwwb5QeBZc?si=bc9b0d5af6fa4698	excerpts_audio/EXCE-156.mp3	22/3/2025
EXCE-157	Screaming	August Burns Red	Rescue & Restore 	35	Sincerity	2013	1454137	23	3:17	1:57-2:02	"""stop my life to thank you"""	""""""	N/A	https://open.spotify.com/track/2Z7z9mHlnLMDvb8z6WPsNz?si=e0717fdad8f34706	excerpts_audio/EXCE-157.mp3	22/3/2025
EXCE-158	Screaming	August Burns Red	Rescue & Restore 	35	Treatment	2013	1822506	24	5:14	3:53-3:56	"""Stripping your soul of everything"""	""""""	N/A	https://open.spotify.com/track/76JBUQBX45F6m43TVOUDNp?si=440725cad274451c	excerpts_audio/EXCE-158.mp3	22/3/2025
EXCE-159	Screaming	August Burns Red	Rescue & Restore 	35	Creative Captivity	2013	1700074	24	4:42	3:30-3:34	"""Because these colors must never fade"""	""""""	N/A	https://open.spotify.com/track/1rfw1PrnaiAtPRjsdb2H6l?si=713a0ba18bf44175	excerpts_audio/EXCE-159.mp3	22/3/2025
EXCE-160	Screaming	August Burns Red	Found In Far Away Places	37	Twenty-One Grams	2015	2032553	20	4:53	2:11-2:15	"""While seeking answers to these questions?"""	""""""	N/A	https://open.spotify.com/track/4yRsNlDdlNOlzKPeOjQgER?si=7884da29819e4b0c	excerpts_audio/EXCE-160.mp3	22/3/2025
EXCE-161	Screaming	August Burns Red	Found In Far Away Places	37	Separating The Seas	2015	2646700	21	4:19	3:12-3:14	"""justice will be served"""	""""""	N/A	https://open.spotify.com/track/0PC3gFjyEFR6x2L7isy72F?si=f21530e58e074706	excerpts_audio/EXCE-161.mp3	22/3/2025
EXCE-162	Screaming	August Burns Red	Found In Far Away Places	37	Broken Promises	2015	2550756	21	6:12	2:57-3:00	"""As my trust in you is breaking"""	""""""	N/A	https://open.spotify.com/track/2Y68YOvSaetBELHCh0xQTw?si=74594b9142e34e9b	excerpts_audio/EXCE-162.mp3	22/3/2025
EXCE-163	Screaming	Parkway Drive	Killing With A Smile	43	Blackout	2006	2826403	31	2:43	1:27-1:30	"""Why do I always let it go?"""	""""""	N/A	https://open.spotify.com/track/5vjoEThza4A3fUt9qvThbq?si=da245bdd477940a4	excerpts_audio/EXCE-163.mp3	22/3/2025
EXCE-164	Screaming	Parkway Drive	Killing With A Smile	43	"Picture Perfect, Pathetic"	2006	2653177	31	2:43	1:57-1:22	"""Why did you throw your heart away?"""	""""""	N/A	https://open.spotify.com/track/7jcqlHfxDBjLJCk3LeyTTZ?si=7ce9d652295944cd	excerpts_audio/EXCE-164.mp3	22/3/2025
EXCE-165	Screaming	Parkway Drive	Killing With A Smile	43	A Cold Day in Hell	2006	3306951	32	4:01	1:37-1:40	"""will be taken from you"""	""""""	N/A	https://open.spotify.com/track/6JGvHHPS7TPzCAE9cHWp0H?si=30f8a8c6df044a59	excerpts_audio/EXCE-165.mp3	22/3/2025
EXCE-166	Screaming	Parkway Drive	Deep Blue	48	Set To Destroy	2010	4513526	32	1:34	0:37-0:39	"""this is the end of days"""	""""""	N/A	https://open.spotify.com/track/3Q7g9fCdsVSV4fC01N1aNz?si=8df4e4d3c0b24be6	excerpts_audio/EXCE-166.mp3	22/3/2025
EXCE-167	Screaming	Parkway Drive	Deep Blue	48	Pressures	2010	4901077	34	3:22	1:58-2:00	"""this current of corruption"""	""""""	N/A	https://open.spotify.com/track/3L35mWptpfTmFdYwAO0MiT?si=9fd450baf61d443d	excerpts_audio/EXCE-167.mp3	22/3/2025
EXCE-168	Screaming	Parkway Drive	Deep Blue	48	Hollow	2010	4761259	34	3:00	1:31-1:34	"""Yet conflict embraces me"""	""""""	N/A	https://open.spotify.com/track/7knySQZqxXZhkoFUuMckn2?si=18b00fb8bb45498f	excerpts_audio/EXCE-168.mp3	22/3/2025
EXCE-169	Screaming	Parkway Drive	Atlas	50	Snake Oil and Holy Water	2012	3686700	31	2:48	0:53-0:56	"""I've seen more life in dead men's eyes"""	""""""	N/A	https://open.spotify.com/track/0kElm47dTGS02bGLU0pE0D?si=b80809b81d3d4fb8	excerpts_audio/EXCE-169.mp3	22/3/2025
EXCE-170	Screaming	Parkway Drive	Atlas	50	Atlas	2012	5116100	33	4:08	1:12-1:15	"""With more hope than fear"""	""""""	N/A	https://open.spotify.com/track/0x0CuZyKpSDhjImUDgSceT?si=17e780d2fb304b24	excerpts_audio/EXCE-170.mp3	22/3/2025
EXCE-171	Screaming	Parkway Drive	Atlas	50	Sleight of Hand	2012	5044312	33	4:27	1:23-1:25	"""That could love this world"""	""""""	N/A	https://open.spotify.com/track/4629CEGA4gQ065aiuoR32n?si=bdef56623fb7499d	excerpts_audio/EXCE-171.mp3	22/3/2025
EXCE-172	Clean	Northlane	Mesmer	34	Paragon	2017	1560982	23	4:23	3:06-3:12	"""there are no fighters"""	""""""	""""""	https://open.spotify.com/track/2QqIkj7CyiJl2tfyXQvGLX?si=e50549c513c3407d	excerpts_audio/EXCE-172.mp3	22/3/2025
EXCE-173	Clean	Northlane	Mesmer	34	Render	2017	1996265	24	3:56	3:08-3:11	"""they're lacking meaning"""	""""""	""""""	https://open.spotify.com/track/40X7CCKdFboUInv3F2lIby?si=a4afef59b73d4d37	excerpts_audio/EXCE-173.mp3	22/3/2025
EXCE-174	Clean	Northlane	Mesmer	34	Zero-One	2017	1933175	25	3:57	3:29-3:35	"""Drifting away to a place"""	""""""	""""""	https://open.spotify.com/track/1U0JNH2Hi7e6sL0hJ3DOSz?si=a1d173a1c9a94e86	excerpts_audio/EXCE-174.mp3	22/3/2025
EXCE-175	Clean	Northlane	Node	34	Ra	2015	1733984	24	4:27	3:13-3:16	"""There's a desert in my head"""	""""""	""""""	https://open.spotify.com/track/7qLWNiGcqLHBmoZGm1yJrz?si=a9e32118cb52424e	excerpts_audio/EXCE-175.mp3	22/3/2025
EXCE-176	Clean	Northlane	Node	34	Animate	2015	1775661	24	5:24	4:12-4:18	"""Drawing pixelated lines"""	""""""	""""""	https://open.spotify.com/track/22AwzEEqqIYVfcqzwUV7kz?si=f6387ec838264637	excerpts_audio/EXCE-176.mp3	22/3/2025
EXCE-177	Clean	Northlane	Node	34	Weightless	2015	1618370	25	5:15	2:29-2:33	"""Guided by familiar sight"""	""""""	""""""	https://open.spotify.com/track/6uNWfxpEEbDqEiY5VnvgGY?si=84e3a51705274421	excerpts_audio/EXCE-177.mp3	22/3/2025
EXCE-178	Clean	Northlane	Discoveries	35	Solitude	2011	939120	23	3:22	2:25-2:33	"""Where the silence comforts"""	""""""	""""""	https://open.spotify.com/track/5EJT3TrjkMgvoO0NtcEAWc?si=7c209051037f402a	excerpts_audio/EXCE-178.mp3	22/3/2025
EXCE-179	Screaming	Northlane	Discoveries	35	Metamorphosis	2011	1234225	24	4:38	2:36-2:40	"""And I will overcome this suffering"""	""""""	N/A	https://open.spotify.com/track/1ISlfQAR7WJtwULkxUTKAJ?si=b2a3f284074f4a60	excerpts_audio/EXCE-179.mp3	22/3/2025
EXCE-180	Screaming	Northlane	Discoveries	35	Corruption	2011	1260163	25	3:55	2:24-2:29	"""Crooked politicians betray the working man"""	""""""	N/A	https://open.spotify.com/track/7tjbc86EHnk8eIIpFyP6Zx?si=a9d56ec4b5004f87	excerpts_audio/EXCE-180.mp3	22/3/2025
